"10.100.113.106",238
"10.100.119.65",1690
"10.100.139.72",422
"10.100.156.145",113
"10.100.157.15",157
"10.100.171.130",170
"10.100.171.63",876
"10.100.180.103",205
"10.100.206.80",122
"10.100.229.137",455
"10.100.230.133",161
"10.100.238.35",314
"10.100.240.190",2771
"10.100.244.231",445
"10.100.246.61",668
"10.100.249.179",112
"10.100.62.175",316
"10.100.62.68",123
"10.100.63.214",119
"10.100.68.227",168
"10.100.74.153",2232
"10.100.92.20",217
"10.10.105.240",208
"10.10.109.222",335
"10.10.111.125",119
"10.101.121.182",120
"10.101.198.79",217
"10.101.198.86",242
"10.101.219.124",1015
"10.101.241.159",948
"10.10.126.5",685
"10.101.27.108",127
"10.10.127.193",524
"10.101.30.63",1435
"10.101.44.134",158
"10.101.51.238",195
"10.10.154.88",328
"10.10.176.94",173
"10.10.178.31",603
"10.10.196.160",167
"10.102.101.66",1366
"10.102.111.94",238
"10.102.126.202",12298
"10.102.132.198",132
"10.102.139.235",292
"10.102.141.137",222
"10.102.149.23",123
"10.102.152.103",135
"10.10.215.81",105
"10.10.217.169",217
"10.10.217.184",1406
"10.102.182.23",164
"10.102.188.6",260
"10.102.194.149",116
"10.102.204.200",115
"10.10.229.150",108
"10.102.40.139",162
"10.102.57.173",360
"10.102.58.218",220
"10.102.68.68",117
"10.102.80.199",433
"10.10.30.45",211
"10.103.10.61",114
"10.103.126.150",117
"10.103.131.70",2153
"10.103.142.114",303
"10.103.154.197",107
"10.103.157.215",291
"10.103.164.114",231
"10.103.176.185",206
"10.103.181.39",182
"10.103.190.81",2508
"10.103.193.37",4860
"10.103.194.30",145
"10.103.199.107",120
"10.103.218.212",227
"10.103.227.61",106
"10.103.240.163",140
"10.103.27.27",147
"10.103.40.132",366
"10.103.45.21",1274
"10.103.45.74",133
"10.103.56.106",156
"10.103.63.105",179
"10.10.39.143",368
"10.104.144.82",159
"10.104.145.74",382
"10.104.149.45",799
"10.104.150.218",1995
"10.104.156.40",121
"10.104.168.23",119
"10.104.174.34",178
"10.104.200.158",107
"10.104.203.248",102
"10.104.213.185",156
"10.104.215.158",222
"10.104.216.5",113
"10.104.59.228",106
"10.104.62.79",14807
"10.104.79.179",191
"10.105.126.133",257
"10.105.201.211",155
"10.105.22.118",123
"10.105.222.98",101
"10.105.228.44",133
"10.105.46.40",1237
"10.105.56.138",145
"10.105.66.226",125
"10.106.110.78",239
"10.106.11.144",130
"10.106.148.239",128
"10.106.15.226",667
"10.106.154.149",117
"10.106.158.15",225
"10.106.158.158",391
"10.106.158.187",135
"10.106.166.238",132
"10.106.199.107",103
"10.106.203.210",322
"10.106.214.89",1244
"10.106.22.158",115
"10.106.229.2",688
"10.106.41.211",304
"10.106.76.65",123
"10.106.81.8",103
"10.106.84.229",179
"10.107.119.108",104
"10.107.130.100",165
"10.107.130.245",230
"10.107.146.104",245
"10.107.174.187",113
"10.107.176.10",1724
"10.107.190.110",121
"10.107.21.168",201
"10.107.214.56",133
"10.107.219.115",131
"10.107.229.129",119
"10.107.232.72",334
"10.107.240.154",103
"10.107.244.119",456
"10.107.31.144",128
"10.107.43.127",219
"10.10.75.154",117
"10.107.74.228",517
"10.107.8.210",141
"10.107.97.172",127
"10.108.108.78",103
"10.108.123.118",551
"10.108.132.137",2364
"10.108.163.222",124
"10.108.17.66",111
"10.108.181.71",468
"10.108.183.63",182
"10.108.196.111",124
"10.108.214.155",110
"10.108.218.29",109
"10.108.240.211",171
"10.108.243.29",119
"10.108.52.155",700
"10.108.59.123",138
"10.108.69.220",2334
"10.109.127.205",176
"10.109.160.236",350
"10.109.191.158",115
"10.109.208.190",322
"10.109.222.56",158
"10.109.225.129",169
"10.109.225.202",105
"10.109.225.248",148
"10.109.230.57",114
"10.109.233.177",180
"10.10.93.156",307
"10.109.3.32",182
"10.109.93.109",193
"10.109.95.180",175
"10.110.124.4",120
"10.110.143.56",162
"10.110.15.218",1297
"10.110.152.96",826
"10.110.153.72",161
"10.110.174.106",109
"10.110.175.134",451
"10.110.210.117",101
"10.110.214.77",133
"10.110.219.77",140
"10.110.223.159",150
"10.110.236.40",866
"10.110.249.244",102
"10.110.249.95",1033
"10.110.25.138",113
"10.110.39.248",149
"10.110.44.6",304
"10.110.47.45",144
"10.110.53.89",803
"10.110.72.185",282
"10.110.72.81",157
"10.110.82.199",227
"10.110.83.103",1147
"10.110.98.172",135
"10.11.100.115",270
"10.11.102.172",161
"10.11.103.22",485
"10.111.104.29",162
"10.111.104.4",515
"10.111.117.155",176
"10.111.124.102",137
"10.111.136.189",106
"10.111.136.30",584
"10.111.187.238",110
"10.111.187.51",787
"10.111.222.238",127
"10.111.223.56",171
"10.111.230.108",169
"10.11.148.36",112
"10.11.15.196",101
"10.111.69.167",142
"10.11.171.164",231
"10.111.72.107",2500
"10.111.7.41",2703
"10.11.174.189",138
"10.111.75.186",122
"10.111.75.205",137
"10.11.191.124",274
"10.11.19.132",413
"10.112.10.200",949
"10.112.103.63",1583
"10.112.1.155",154
"10.112.160.103",331
"10.112.174.13",860
"10.112.178.236",114
"10.112.211.197",109
"10.1.122.130",109
"10.112.216.7",118
"10.112.226.241",116
"10.112.227.184",714
"10.112.242.124",457
"10.112.3.212",164
"10.112.35.201",156
"10.112.42.247",529
"10.112.71.4",132
"10.112.72.247",144
"10.112.86.106",427
"10.113.101.236",106
"10.113.106.77",152
"10.11.31.145",727
"10.113.122.179",111
"10.113.124.148",110
"10.113.153.85",178
"10.113.16.114",109
"10.113.166.233",144
"10.113.188.25",103
"10.113.196.241",580
"10.113.213.191",175
"10.113.238.29",1036
"10.113.53.198",264
"10.113.77.194",139
"10.113.85.182",150
"10.113.87.173",479
"10.113.96.43",241
"10.114.111.64",137
"10.114.238.110",192
"10.114.25.195",108
"10.114.51.56",1289
"10.114.66.176",290
"10.1.146.91",321
"10.114.74.30",6055
"10.114.76.234",200
"10.114.87.181",156
"10.114.95.244",113
"10.114.98.149",355
"10.115.107.229",257
"10.115.116.81",150
"10.115.118.246",108
"10.115.130.171",985
"10.115.161.169",101
"10.115.166.201",136
"10.115.199.178",111
"10.115.213.113",286
"10.115.227.80",109
"10.115.228.21",453
"10.115.231.3",334
"10.115.233.176",742
"10.115.243.165",205
"10.115.247.26",245
"10.115.30.140",3114
"10.115.43.164",325
"10.115.45.174",1884
"10.11.57.56",103
"10.115.90.82",155
"10.115.91.53",322
"10.116.116.233",1459
"10.116.138.168",114
"10.116.146.75",203
"10.116.154.131",156
"10.116.172.121",162
"10.116.188.239",130
"10.116.20.216",283
"10.116.212.154",134
"10.116.2.203",159
"10.11.6.232",113
"10.116.235.233",205
"10.116.26.10",133
"10.116.26.250",137
"10.116.29.88",127
"10.116.44.213",9180
"10.1.166.60",186
"10.11.67.122",960
"10.116.89.84",159
"10.116.90.179",414
"10.117.105.194",183
"10.117.106.146",261
"10.117.142.81",285
"10.117.145.42",136
"10.117.185.112",269
"10.117.187.92",136
"10.117.198.38",193
"10.117.20.120",200
"10.117.215.236",272
"10.117.216.194",165
"10.117.244.2",146
"10.117.31.153",256
"10.117.40.200",127
"10.117.49.214",255
"10.11.77.25",232
"10.117.76.22",754
"10.117.83.167",214
"10.11.78.87",263
"10.118.101.128",1483
"10.118.112.4",202
"10.1.181.142",10686
"10.118.128.216",718
"10.118.12.86",1291
"10.118.129.125",196
"10.118.134.194",167
"10.118.138.66",111
"10.118.139.181",128
"10.118.158.156",436
"10.118.18.148",111
"10.118.183.181",122
"10.118.195.61",269
"10.118.19.97",11522
"10.118.215.189",847
"10.118.250.30",18282
"10.118.4.2",1561
"10.118.82.223",160
"10.118.88.250",272
"10.118.93.1",6022
"10.119.108.153",474
"10.119.121.240",186
"10.119.132.211",347
"10.119.14.191",707
"10.119.147.116",603
"10.119.148.157",1611
"10.119.160.33",165
"10.119.170.100",104
"10.119.203.64",460
"10.119.219.236",206
"10.119.226.23",304
"10.119.237.193",104
"10.119.239.136",256
"10.119.242.105",144
"10.119.246.186",1211
"10.119.47.28",186
"10.119.49.142",212
"10.119.51.161",173
"10.119.57.73",132
"10.119.60.187",234
"10.119.71.157",153
"10.119.8.115",481
"10.119.92.233",432
"10.120.117.117",107
"10.120.118.67",111
"10.120.133.144",109
"10.120.140.212",267
"10.120.141.162",106
"10.120.146.111",124
"10.120.161.111",1466
"10.120.165.113",1277
"10.120.18.223",198
"10.120.185.8",506
"10.120.205.243",259
"10.120.215.116",160
"10.120.215.241",174
"10.120.22.197",152
"10.120.225.219",150
"10.120.241.167",107
"10.120.242.240",106
"10.120.3.54",276
"10.120.56.155",160
"10.120.68.5",138
"10.120.69.116",149
"10.120.85.227",572
"10.1.209.239",110
"10.120.93.23",334
"10.120.97.119",118
"10.120.97.93",314
"10.12.107.175",181
"10.12.10.92",568
"10.12.11.117",306
"10.121.119.229",210
"10.121.129.160",109
"10.121.143.42",140
"10.121.181.169",622
"10.121.197.82",127
"10.121.209.223",1141
"10.121.217.227",377
"10.121.235.214",126
"10.121.249.241",592
"10.12.125.129",225
"10.121.28.28",140
"10.12.138.83",284
"10.121.56.249",135
"10.12.16.92",454
"10.121.69.2",360
"10.12.189.238",110
"10.12.194.181",130
"10.12.210.178",213
"10.122.107.125",2913
"10.122.112.236",104
"10.122.116.214",970
"10.122.117.204",1283
"10.122.126.242",240
"10.122.153.22",160
"10.122.165.101",146
"10.122.195.74",110
"10.122.216.139",780
"10.122.217.3",265
"10.122.227.97",105
"10.122.236.26",111
"10.122.24.158",225
"10.122.246.153",154
"10.122.38.86",222
"10.12.24.158",156
"10.122.41.58",137
"10.122.45.174",1249
"10.122.46.100",437
"10.12.248.47",201
"10.122.50.148",166
"10.1.225.103",113
"10.122.54.117",270
"10.122.6.169",105
"10.122.67.102",102
"10.122.67.138",193
"10.122.67.41",123
"10.122.75.3",611
"10.122.85.225",178
"10.123.105.239",134
"10.123.122.183",102
"10.123.128.93",365
"10.123.148.13",129
"10.123.161.234",271
"10.123.170.185",211
"10.123.179.65",361
"10.123.185.48",130
"10.123.189.220",124
"10.123.19.186",184
"10.123.193.90",351
"10.123.194.150",176
"10.1.232.31",1423
"10.123.23.219",311
"10.123.241.102",178
"10.123.250.25",1144
"10.123.35.235",249
"10.123.38.54",144
"10.123.53.233",326
"10.123.55.150",123
"10.123.66.52",238
"10.123.73.230",110
"10.123.78.107",527
"10.123.89.208",148
"10.124.112.164",118
"10.124.130.23",110
"10.124.142.23",172
"10.124.148.99",6216
"10.124.155.234",1031
"10.124.172.208",235
"10.124.184.27",1654
"10.124.188.101",288
"10.124.216.8",120
"10.124.224.229",189
"10.124.230.244",139
"10.124.37.131",157
"10.124.41.19",1370
"10.124.53.41",112
"10.124.56.200",253
"10.124.7.65",981
"10.1.248.131",129
"10.124.86.91",135
"10.124.93.38",691
"10.125.108.58",448
"10.125.112.153",539
"10.125.117.154",130
"10.125.118.102",227
"10.125.134.2",109
"10.125.139.228",412
"10.125.145.243",161
"10.125.150.17",130
"10.125.17.79",127
"10.125.183.105",277
"10.125.183.18",1388
"10.125.221.192",1836
"10.125.232.163",140
"10.125.248.92",1094
"10.125.249.2",195
"10.125.57.250",182
"10.125.6.165",200
"10.125.88.224",137
"10.125.98.112",107
"10.126.120.249",401
"10.1.26.131",345
"10.126.131.159",209
"10.126.133.36",8722
"10.126.136.74",195
"10.126.144.54",129
"10.126.147.34",116
"10.126.153.54",1199
"10.126.161.208",129
"10.126.16.133",150
"10.126.16.37",485
"10.126.169.207",104
"10.126.170.142",122
"10.126.178.132",157
"10.126.178.248",140
"10.126.182.165",195
"10.126.200.165",101
"10.126.210.137",152
"10.126.234.104",159
"10.126.239.194",102
"10.126.41.66",695
"10.12.64.80",128
"10.126.53.228",172
"10.126.7.98",127
"10.126.80.93",114
"10.12.68.115",101
"10.12.68.162",3233
"10.126.97.141",132
"10.127.104.106",389
"10.127.11.1",160
"10.127.112.203",719
"10.127.124.157",109
"10.127.13.213",343
"10.127.134.20",809
"10.127.165.242",108
"10.127.165.77",121
"10.127.166.151",225
"10.127.187.138",229
"10.127.192.50",1606
"10.127.197.246",159
"10.127.202.94",758
"10.127.207.20",218
"10.127.207.74",382
"10.127.211.112",107
"10.127.250.148",104
"10.12.74.1",114
"10.127.56.65",436
"10.127.64.217",123
"10.127.68.31",162
"10.12.7.92",115
"10.127.97.137",256
"10.128.112.58",104
"10.128.138.242",372
"10.128.164.66",104
"10.128.174.123",115
"10.128.207.243",127
"10.128.230.13",148
"10.128.250.198",149
"10.128.250.230",128
"10.128.46.162",373
"10.128.50.151",354
"10.128.59.77",189
"10.128.75.185",169
"10.128.78.84",116
"10.128.85.24",126
"10.128.93.180",229
"10.129.12.39",120
"10.129.129.137",109
"10.129.133.37",1720
"10.129.14.141",150
"10.129.154.223",311
"10.129.210.214",132
"10.129.220.108",201
"10.129.239.245",134
"10.129.29.127",151
"10.129.32.34",114
"10.129.33.34",231
"10.129.47.132",5110
"10.129.50.80",221
"10.129.56.246",216
"10.12.98.236",160
"10.129.91.199",111
"10.130.104.236",116
"10.130.107.212",144
"10.130.1.195",708
"10.130.1.226",149
"10.130.153.204",105
"10.130.155.219",146
"10.130.162.1",145
"10.130.162.16",189
"10.130.195.224",151
"10.130.198.131",116
"10.130.212.185",125
"10.130.2.124",290
"10.130.215.167",218
"10.130.227.163",102
"10.130.243.229",148
"10.130.246.26",177
"10.130.248.115",252
"10.130.250.195",259
"10.130.7.131",117
"10.130.84.56",184
"10.130.87.40",117
"10.130.9.101",386
"10.130.95.71",145
"10.13.101.102",131
"10.131.103.23",170
"10.131.126.135",106
"10.131.140.216",195
"10.131.153.17",164
"10.131.156.53",192
"10.131.163.73",131
"10.131.168.86",250
"10.131.180.195",169
"10.131.181.8",102
"10.131.210.102",125
"10.131.224.39",201
"10.131.229.135",107
"10.131.238.181",159
"10.131.240.161",176
"10.13.125.145",161
"10.131.34.113",113
"10.131.35.36",1269
"10.13.14.109",247
"10.13.143.216",528
"10.13.180.1",501
"10.13.18.168",404
"10.13.194.66",134
"10.13.196.155",380
"10.13.210.130",292
"10.132.128.133",102
"10.132.137.89",137
"10.132.150.127",148
"10.13.216.2",148
"10.132.171.64",1026
"10.132.181.249",162
"10.132.181.89",106
"10.132.19.125",419
"10.132.198.110",105
"10.132.198.59",160
"10.132.208.229",103
"10.13.221.85",215
"10.132.242.72",108
"10.132.250.5",220
"10.132.30.91",106
"10.13.234.11",187
"10.13.236.145",118
"10.132.40.192",436
"10.13.24.213",137
"10.132.66.43",415
"10.132.69.119",140
"10.132.69.96",125
"10.132.74.158",667
"10.132.93.179",191
"10.133.128.14",135
"10.133.132.237",217
"10.133.136.155",140
"10.133.155.222",225
"10.133.158.5",182
"10.133.186.68",327
"10.133.196.33",281
"10.133.210.27",770
"10.133.214.226",109
"10.133.222.184",2708
"10.133.23.235",105
"10.133.239.104",148
"10.133.243.94",221
"10.133.250.88",127
"10.133.36.50",175
"10.133.40.201",239
"10.133.58.147",1613
"10.133.60.183",1045
"10.133.99.160",130
"10.134.10.102",134
"10.134.113.155",1284
"10.134.119.148",205
"10.134.133.146",267
"10.134.139.52",104
"10.134.143.214",105
"10.134.153.74",236
"10.134.15.64",112
"10.134.159.72",560
"10.134.161.151",133
"10.134.180.243",120
"10.134.202.173",187
"10.134.209.86",158
"10.134.240.99",109
"10.134.42.189",441
"10.134.98.125",1803
"10.13.50.11",149
"10.13.5.114",2227
"10.135.117.175",480
"10.135.158.159",154
"10.135.222.133",107
"10.135.223.181",187
"10.135.226.132",428
"10.135.231.107",195
"10.135.244.118",126
"10.135.244.203",2027
"10.135.28.103",158
"10.135.39.212",249
"10.135.50.246",225
"10.135.70.23",167
"10.135.88.67",101
"10.135.90.215",233
"10.136.135.108",209
"10.136.154.185",143
"10.136.188.240",136
"10.136.194.11",504
"10.136.209.95",193
"10.136.210.26",255
"10.136.227.163",189
"10.136.242.76",112
"10.136.54.110",206
"10.136.68.34",101
"10.136.7.103",142
"10.136.84.231",202
"10.136.84.60",1620
"10.136.91.110",484
"10.137.11.148",867
"10.137.114.76",4044
"10.137.129.159",125
"10.137.138.96",183
"10.137.170.229",243
"10.137.201.26",289
"10.13.72.141",181
"10.137.217.148",890
"10.137.234.122",139
"10.137.245.217",712
"10.137.32.23",1454
"10.137.35.24",129
"10.137.38.46",127
"10.137.96.143",268
"10.137.97.39",1798
"10.138.131.123",108
"10.138.144.153",107
"10.138.157.109",122
"10.138.16.197",155
"10.138.172.44",1333
"10.138.242.153",103
"10.138.25.93",1163
"10.138.51.239",126
"10.138.57.150",126
"10.138.58.93",575
"10.138.62.114",120
"10.138.79.226",1262
"10.139.100.239",117
"10.139.120.221",120
"10.139.125.186",180
"10.139.130.75",206
"10.139.143.78",379
"10.139.154.15",180
"10.139.193.42",126
"10.139.216.205",148
"10.139.218.229",118
"10.139.222.216",233
"10.139.233.71",307
"10.139.249.211",297
"10.139.33.78",132
"10.139.49.197",186
"10.139.54.19",151
"10.139.60.158",397
"10.139.62.72",251
"10.140.100.48",169
"10.140.103.195",467
"10.140.113.130",135
"10.140.119.92",144
"10.140.125.230",207
"10.140.135.139",102
"10.140.170.81",101
"10.140.174.61",137
"10.140.197.26",355
"10.140.216.248",243
"10.140.23.44",1216
"10.140.235.41",187
"10.140.237.45",1651
"10.140.39.223",102
"10.140.53.110",129
"10.140.57.161",333
"10.140.58.10",867
"10.140.67.116",167
"10.140.67.85",259
"10.140.69.105",959
"10.140.72.151",2763
"10.140.89.119",108
"10.14.109.246",218
"10.141.106.59",102
"10.141.109.30",152
"10.141.114.111",301
"10.141.129.90",223
"10.141.135.203",322
"10.141.187.230",118
"10.141.193.165",532
"10.141.199.204",273
"10.141.202.192",1044
"10.141.221.57",2528
"10.14.122.240",458
"10.141.244.131",116
"10.14.124.42",160
"10.141.247.37",642
"10.141.25.84",364
"10.141.28.44",110
"10.141.29.23",415
"10.141.31.62",146
"10.14.152.229",928
"10.141.55.234",507
"10.141.61.96",202
"10.14.164.211",128
"10.141.68.178",179
"10.14.168.231",118
"10.141.71.110",165
"10.141.81.48",294
"10.14.194.1",120
"10.141.96.3",1826
"10.141.98.189",156
"10.141.98.49",123
"10.142.100.111",131
"10.142.11.128",405
"10.142.115.161",104
"10.142.120.210",239
"10.142.13.234",742
"10.142.150.26",140
"10.142.151.145",137
"10.142.16.168",121
"10.142.203.173",6210
"10.142.226.149",109
"10.142.244.224",140
"10.142.245.192",1180
"10.142.249.136",131
"10.142.250.108",112
"10.142.26.30",717
"10.14.232.229",120
"10.14.237.135",5091
"10.14.24.215",122
"10.142.50.11",124
"10.142.5.145",102
"10.142.71.16",124
"10.14.2.86",6386
"10.143.10.89",2516
"10.143.110.181",128
"10.14.31.178",127
"10.143.126.177",8017
"10.143.142.37",181
"10.143.155.2",330
"10.143.166.86",111
"10.143.181.33",119
"10.143.192.111",134
"10.143.217.94",2623
"10.143.221.167",372
"10.143.35.131",1674
"10.143.58.113",101
"10.143.6.238",190
"10.143.71.10",124
"10.143.72.50",322
"10.143.78.192",113
"10.143.82.24",115
"10.143.85.189",1068
"10.143.91.59",129
"10.14.40.138",115
"10.144.126.137",242
"10.144.139.50",191
"10.14.4.151",386
"10.144.156.88",316
"10.144.168.157",3135
"10.144.195.147",1600
"10.144.195.96",186
"10.144.210.160",272
"10.14.42.122",298
"10.144.220.147",176
"10.144.222.166",153
"10.144.232.84",101
"10.144.238.166",103
"10.144.239.9",154
"10.144.37.22",199
"10.14.44.143",220
"10.144.52.185",646
"10.144.55.84",675
"10.145.114.20",629
"10.145.116.38",147
"10.145.117.58",2663
"10.145.135.136",207
"10.145.171.219",163
"10.145.175.151",403
"10.145.178.44",173
"10.145.206.120",1074
"10.145.222.112",442
"10.145.238.44",4458
"10.145.239.149",112
"10.145.250.135",140
"10.145.27.5",248
"10.145.44.66",109
"10.145.57.167",142
"10.145.59.130",278
"10.145.64.11",198
"10.145.66.38",176
"10.145.80.217",206
"10.145.99.94",153
"10.146.134.136",128
"10.146.140.55",7568
"10.146.151.194",855
"10.146.154.15",580
"10.146.165.187",240
"10.146.18.183",487
"10.146.208.1",1122
"10.146.51.162",102
"10.14.66.107",543
"10.146.65.40",200
"10.146.70.166",657
"10.146.80.247",105
"10.147.121.239",149
"10.14.71.250",508
"10.147.150.175",118
"10.147.17.8",143
"10.147.205.223",339
"10.147.206.185",177
"10.147.41.206",842
"10.147.51.113",485
"10.147.5.31",111
"10.147.53.210",122
"10.147.79.139",103
"10.147.80.212",110
"10.148.104.130",165
"10.148.106.67",226
"10.148.1.156",155
"10.148.122.57",155
"10.148.142.180",1199
"10.148.145.72",159
"10.148.162.10",378
"10.148.17.103",203
"10.148.179.82",114
"10.148.182.139",188
"10.148.194.81",628
"10.148.205.195",180
"10.148.20.78",164
"10.148.217.71",135
"10.148.230.166",146
"10.148.233.248",103
"10.148.239.199",486
"10.148.24.215",102
"10.148.36.61",271
"10.148.42.221",114
"10.148.45.166",101
"10.148.54.108",396
"10.148.62.165",220
"10.148.75.154",172
"10.148.7.93",345
"10.149.118.152",164
"10.149.183.192",4974
"10.149.186.248",132
"10.149.193.111",281
"10.149.206.27",1220
"10.149.210.103",107
"10.149.215.186",211
"10.149.220.103",135
"10.149.220.150",151
"10.149.224.68",134
"10.149.2.78",202
"10.149.47.113",121
"10.149.59.238",117
"10.149.77.180",205
"10.149.77.217",225
"10.149.77.31",105
"10.149.8.18",123
"10.150.101.225",160
"10.150.115.163",122
"10.150.129.222",2417
"10.150.141.86",396
"10.150.157.116",143
"10.150.161.229",148
"10.150.172.143",197
"10.150.190.39",119
"10.150.228.127",121
"10.150.24.40",1710
"10.150.33.216",2026
"10.150.60.244",486
"10.150.66.212",482
"10.150.79.198",3082
"10.150.95.56",646
"10.150.98.35",132
"10.151.115.167",136
"10.151.134.110",267
"10.151.136.61",1134
"10.151.140.79",110
"10.151.144.176",116
"10.151.196.106",190
"10.151.196.199",946
"10.151.203.150",262
"10.151.215.231",102
"10.151.233.176",107
"10.151.235.176",11039
"10.151.237.15",134
"10.15.134.32",107
"10.15.14.15",1116
"10.151.4.21",247
"10.151.58.109",230
"10.151.59.53",197
"10.151.67.157",126
"10.15.171.101",695
"10.151.78.50",118
"10.15.188.62",118
"10.151.93.98",102
"10.15.195.131",6548
"10.151.95.61",1050
"10.15.201.213",122
"10.152.128.240",110
"10.152.15.20",241
"10.152.155.146",216
"10.152.17.177",375
"10.152.178.30",238
"10.152.190.135",110
"10.152.195.138",13775
"10.152.203.105",692
"10.152.206.185",493
"10.152.215.52",136
"10.152.232.82",121
"10.152.246.26",101
"10.152.247.125",126
"10.152.250.94",2233
"10.15.227.142",186
"10.15.232.190",768
"10.152.47.184",152
"10.15.250.220",454
"10.152.63.181",113
"10.152.66.165",140
"10.152.96.97",103
"10.15.31.244",164
"10.153.136.52",246
"10.153.15.113",104
"10.153.151.52",921
"10.15.31.54",122
"10.153.156.110",165
"10.153.16.145",196
"10.153.170.96",482
"10.153.188.26",208
"10.153.196.239",130
"10.153.222.230",103
"10.153.23.63",1484
"10.153.239.5",547
"10.153.247.176",299
"10.153.40.219",269
"10.153.43.97",225
"10.153.51.210",301
"10.153.60.106",106
"10.153.65.167",108
"10.153.74.148",409
"10.153.75.83",242
"10.153.78.250",315
"10.154.105.173",241
"10.154.110.188",159
"10.154.116.217",454
"10.154.118.211",275
"10.154.134.221",202
"10.154.140.6",174
"10.154.144.96",2912
"10.154.154.131",5776
"10.154.155.130",188
"10.154.158.170",3471
"10.154.158.68",101
"10.154.177.117",749
"10.154.183.9",140
"10.154.211.227",127
"10.154.2.187",142
"10.154.220.106",306
"10.154.233.199",113
"10.154.248.157",174
"10.154.47.179",231
"10.154.58.93",109
"10.154.76.9",160
"10.154.78.248",105
"10.154.81.109",126
"10.154.86.139",143
"10.154.95.246",122
"10.154.98.241",314
"10.155.127.191",119
"10.155.128.43",976
"10.155.166.117",134
"10.155.201.13",386
"10.155.222.218",149
"10.155.39.30",1884
"10.155.67.149",272
"10.15.57.91",127
"10.156.103.140",169
"10.156.125.74",165
"10.156.141.57",153
"10.156.146.31",176
"10.156.149.166",211
"10.156.204.35",127
"10.156.214.54",117
"10.156.37.234",103
"10.15.64.146",152
"10.156.4.156",120
"10.15.65.125",119
"10.156.7.152",742
"10.157.124.104",495
"10.157.126.247",136
"10.157.18.70",572
"10.157.202.69",106
"10.157.22.200",131
"10.157.79.88",4045
"10.157.83.207",685
"10.157.90.39",744
"10.157.91.240",924
"10.158.104.222",123
"10.158.13.172",247
"10.158.141.50",802
"10.158.153.90",112
"10.158.164.35",184
"10.158.173.46",273
"10.158.185.231",124
"10.158.19.97",274
"10.158.207.220",333
"10.158.208.129",136
"10.158.231.92",200
"10.158.232.182",130
"10.158.238.106",275
"10.158.35.163",565
"10.158.41.73",279
"10.158.5.172",289
"10.158.74.205",130
"10.158.83.127",125
"10.158.88.34",186
"10.159.112.173",113
"10.159.1.207",258
"10.159.130.136",322
"10.159.143.8",912
"10.159.167.37",114
"10.159.182.131",163
"10.159.225.55",262
"10.159.245.136",155
"10.159.250.20",116
"10.159.29.240",160
"10.159.31.145",1754
"10.159.31.68",133
"10.159.40.103",106
"10.159.5.163",227
"10.15.97.51",112
"10.159.86.7",495
"10.159.89.128",282
"10.160.100.26",1627
"10.160.113.57",114
"10.160.162.56",136
"10.160.196.177",109
"10.160.20.138",2241
"10.160.209.171",171
"10.160.216.26",116
"10.160.217.215",102
"10.160.2.201",186
"10.160.222.248",106
"10.160.224.204",169
"10.160.227.103",227
"10.160.243.123",382
"10.160.33.174",554
"10.160.5.56",169
"10.160.58.172",191
"10.160.74.156",117
"10.160.74.30",289
"10.16.104.212",270
"10.161.106.90",102
"10.161.109.234",204
"10.161.118.64",192
"10.161.142.209",252
"10.161.169.114",136
"10.161.197.139",490
"10.161.204.151",108
"10.161.207.183",1204
"10.161.217.92",274
"10.161.238.183",187
"10.161.240.225",130
"10.16.148.61",1528
"10.161.57.241",1131
"10.161.57.42",103
"10.161.72.114",143
"10.16.177.80",2191
"10.16.177.93",238
"10.16.178.76",162
"10.161.81.64",125
"10.161.83.101",145
"10.162.103.201",681
"10.162.114.203",4116
"10.162.13.27",370
"10.162.1.52",195
"10.162.153.75",131
"10.16.217.24",189
"10.162.189.161",217
"10.162.19.44",532
"10.16.222.60",103
"10.162.228.235",135
"10.16.223.248",173
"10.162.240.68",301
"10.162.24.133",152
"10.162.244.3",528
"10.162.244.41",159
"10.162.249.191",186
"10.162.29.123",227
"10.16.235.69",298
"10.162.4.169",180
"10.162.4.21",191
"10.16.246.115",112
"10.162.46.81",295
"10.163.115.64",330
"10.163.123.152",234
"10.163.139.45",697
"10.163.145.147",154
"10.163.155.84",876
"10.163.174.180",118
"10.163.184.181",101
"10.163.195.134",293
"10.1.6.32",235
"10.163.203.38",1563
"10.163.208.122",161
"10.163.233.105",135
"10.163.59.69",153
"10.163.68.112",171
"10.163.77.151",189
"10.163.79.75",371
"10.163.94.164",359
"10.164.102.205",136
"10.164.105.44",105
"10.164.107.163",163
"10.164.108.41",520
"10.16.41.188",135
"10.164.142.144",220
"10.164.146.33",108
"10.164.154.124",1313
"10.164.162.178",398
"10.164.184.193",988
"10.164.198.54",133
"10.164.22.195",678
"10.164.228.80",238
"10.164.23.74",663
"10.164.239.240",1302
"10.164.53.187",113
"10.164.58.237",106
"10.164.66.76",244
"10.164.79.145",129
"10.164.98.214",184
"10.165.100.181",209
"10.165.106.173",909
"10.16.51.135",142
"10.165.117.185",2050
"10.165.119.72",294
"10.165.129.225",113
"10.165.151.33",106
"10.165.159.228",132
"10.165.164.124",336
"10.165.169.237",272
"10.165.19.16",120
"10.165.192.161",418
"10.165.21.105",122
"10.165.227.14",169
"10.165.237.30",122
"10.165.65.189",124
"10.166.15.185",284
"10.166.158.70",131
"10.166.160.100",114
"10.166.167.14",2095
"10.166.189.250",123
"10.166.194.86",156
"10.166.207.225",172
"10.166.207.249",111
"10.166.230.18",140
"10.166.45.136",359
"10.166.55.200",110
"10.166.62.156",702
"10.166.71.239",321
"10.166.75.173",116
"10.166.75.95",242
"10.166.80.100",125
"10.166.8.116",178
"10.166.98.18",138
"10.16.70.200",1149
"10.167.104.167",537
"10.167.110.110",126
"10.167.118.157",107
"10.167.160.138",152
"10.167.160.182",157
"10.167.181.115",107
"10.167.187.142",113
"10.167.194.152",537
"10.167.199.149",5987
"10.167.200.73",1009
"10.167.38.241",139
"10.167.42.211",161
"10.167.60.3",116
"10.167.75.171",110
"10.167.94.178",158
"10.167.94.86",423
"10.168.100.247",136
"10.168.112.24",152
"10.168.1.156",111
"10.168.123.76",138
"10.168.137.32",232
"10.168.141.160",102
"10.168.165.156",122
"10.168.205.51",135
"10.168.227.179",1810
"10.168.227.218",135
"10.168.43.91",123
"10.168.51.102",128
"10.168.72.180",103
"10.168.7.78",139
"10.168.79.106",144
"10.168.81.114",113
"10.168.81.165",139
"10.168.98.129",3612
"10.169.102.62",114
"10.169.128.121",22516
"10.169.150.13",111
"10.169.156.150",292
"10.169.158.247",125
"10.169.172.70",220
"10.169.18.21",189
"10.169.187.156",710
"10.169.192.6",129
"10.169.225.247",728
"10.169.240.132",176
"10.169.81.67",133
"10.169.93.131",113
"10.169.95.117",132
"10.170.121.125",113
"10.170.123.107",359
"10.170.131.51",176
"10.170.15.40",111
"10.170.164.51",132
"10.170.172.172",988
"10.170.181.164",157
"10.170.186.99",263
"10.170.201.236",516
"10.170.209.84",130
"10.170.243.185",2083
"10.170.249.166",628
"10.170.29.201",234
"10.170.3.63",910
"10.170.39.157",133
"10.170.45.170",384
"10.170.46.33",216
"10.170.61.21",195
"10.170.62.83",166
"10.170.99.245",119
"10.17.101.227",101
"10.17.104.45",133
"10.17.105.41",128
"10.171.12.62",177
"10.171.171.147",107
"10.171.180.241",444
"10.171.188.114",2818
"10.17.119.224",137
"10.171.227.63",210
"10.17.140.196",126
"10.17.159.111",115
"10.17.160.7",347
"10.17.163.249",340
"10.17.174.37",771
"10.171.75.119",541
"10.171.77.232",257
"10.17.180.191",1769
"10.171.9.102",185
"10.17.195.13",140
"10.17.212.212",192
"10.17.215.64",125
"10.172.160.162",1729
"10.172.176.70",113
"10.172.185.87",600
"10.172.189.196",361
"10.172.207.169",121
"10.172.210.176",129
"10.172.221.240",334
"10.172.238.73",1232
"10.172.248.114",669
"10.172.47.29",388
"10.172.62.193",141
"10.172.63.119",170
"10.172.63.182",202
"10.172.63.195",107
"10.172.71.148",204
"10.172.86.27",405
"10.172.97.193",248
"10.173.101.183",892
"10.173.105.129",316
"10.173.109.30",397
"10.173.122.63",256
"10.173.141.213",47503
"10.173.143.89",475
"10.173.16.194",120
"10.173.182.24",230
"10.173.202.134",108
"10.173.220.223",203
"10.173.222.87",117
"10.173.241.156",169
"10.173.249.12",126
"10.173.56.15",158
"10.17.35.77",134
"10.173.61.184",172
"10.173.68.48",120
"10.173.78.226",142
"10.17.39.163",108
"10.174.12.206",117
"10.174.189.31",161
"10.174.190.21",519
"10.174.196.117",472
"10.174.201.17",111
"10.174.208.184",122
"10.174.2.172",3499
"10.174.219.248",116
"10.174.245.206",247
"10.174.99.136",276
"10.175.137.54",124
"10.175.148.11",219
"10.175.149.65",379
"10.175.152.58",490
"10.175.163.32",1491
"10.175.166.80",243
"10.175.176.178",148
"10.175.197.187",149
"10.175.210.244",1387
"10.175.21.208",653
"10.175.21.83",734
"10.175.228.102",243
"10.175.235.24",475
"10.175.33.16",228
"10.175.42.202",182
"10.175.48.187",154
"10.175.51.103",192
"10.175.59.215",130
"10.175.59.241",107
"10.175.77.72",183
"10.175.86.108",288
"10.175.99.30",121
"10.176.116.62",191
"10.176.124.111",101
"10.176.126.86",102
"10.176.131.4",256
"10.176.150.99",101
"10.176.185.136",148
"10.176.203.249",133
"10.176.248.169",183
"10.17.64.135",184
"10.176.49.158",613
"10.176.58.124",208
"10.176.69.198",135
"10.176.91.227",1234
"10.177.133.123",188
"10.177.136.175",112
"10.177.140.145",148
"10.177.157.111",194
"10.177.161.230",282
"10.177.18.120",101
"10.177.216.164",5593
"10.177.228.63",321
"10.177.27.170",1429
"10.177.33.158",125
"10.177.42.15",110
"10.177.56.174",795
"10.177.68.44",109
"10.177.70.249",155
"10.177.80.204",404
"10.177.85.31",171
"10.17.79.36",1343
"10.177.96.95",160
"10.178.10.53",290
"10.178.115.124",170
"10.178.120.2",179
"10.178.120.226",390
"10.178.122.220",171
"10.178.131.134",152
"10.178.142.64",171
"10.178.15.206",590
"10.178.159.17",3719
"10.178.159.219",233
"10.178.167.115",649
"10.178.180.77",106
"10.178.188.233",174
"10.178.204.192",533
"10.178.232.108",288
"10.178.232.48",131
"10.178.26.57",146
"10.1.78.39",318
"10.178.59.248",1868
"10.178.78.125",145
"10.178.98.159",345
"10.178.99.237",250
"10.179.153.164",360
"10.179.159.200",179
"10.179.173.153",137
"10.179.212.219",130
"10.179.215.249",116
"10.179.218.245",120
"10.179.224.225",210
"10.179.229.87",130
"10.179.243.4",545
"10.179.244.115",8943
"10.179.249.48",251
"10.179.49.24",205
"10.179.54.4",304
"10.179.84.75",164
"10.179.96.150",309
"10.180.121.192",118
"10.180.130.29",397
"10.180.131.90",616
"10.180.137.185",6864
"10.180.144.91",1110
"10.180.165.204",318
"10.180.186.202",352
"10.180.20.217",128
"10.180.223.153",165
"10.180.241.239",240
"10.180.65.176",1777
"10.181.124.45",164
"10.181.144.21",2410
"10.181.150.145",213
"10.181.163.214",139
"10.181.175.238",111
"10.181.178.13",242
"10.181.181.92",642
"10.181.188.160",150
"10.181.201.48",154
"10.181.202.240",137
"10.181.225.227",173
"10.181.237.86",153
"10.181.26.199",1122
"10.181.30.154",432
"10.181.32.186",843
"10.18.169.54",760
"10.181.83.248",547
"10.181.93.88",108
"10.181.97.231",270
"10.182.103.25",703
"10.182.109.50",138
"10.182.113.163",200
"10.182.12.246",186
"10.182.13.56",178
"10.182.137.131",989
"10.182.140.179",300
"10.182.141.246",920
"10.182.160.17",130
"10.182.168.172",336
"10.182.206.156",146
"10.182.217.21",212
"10.182.228.105",120
"10.182.249.68",379
"10.18.228.162",107
"10.18.233.111",132
"10.18.235.102",112
"10.182.3.65",253
"10.182.45.199",302
"10.18.26.67",912
"10.182.69.171",1550
"10.182.80.167",1032
"10.183.108.99",117
"10.183.116.159",112
"10.183.121.109",597
"10.183.127.106",122
"10.183.135.240",138
"10.183.146.186",239
"10.183.154.155",102
"10.18.3.160",123
"10.183.191.120",214
"10.183.202.80",731
"10.183.234.183",181
"10.18.33.193",622
"10.183.3.31",112
"10.183.73.207",120
"10.183.80.46",222
"10.183.83.102",111
"10.183.89.201",378
"10.183.95.165",103
"10.184.113.112",381
"10.184.119.160",547
"10.184.135.237",380
"10.184.144.95",258
"10.184.15.144",363
"10.184.153.237",113
"10.184.180.183",127
"10.184.191.76",307
"10.184.225.120",189
"10.184.246.12",110
"10.184.38.162",7262
"10.184.38.27",160
"10.184.40.28",190
"10.184.46.127",103
"10.184.49.241",5168
"10.184.58.153",152
"10.184.78.106",157
"10.184.84.153",135
"10.185.100.58",177
"10.185.11.90",195
"10.185.124.24",106
"10.185.135.97",526
"10.185.140.178",152
"10.185.169.204",129
"10.185.206.51",115
"10.185.227.105",143
"10.185.231.124",144
"10.185.29.16",276
"10.185.31.219",115
"10.185.79.16",244
"10.186.119.109",183
"10.186.12.178",369
"10.186.136.108",178
"10.186.145.130",228
"10.186.152.130",134
"10.186.176.238",103
"10.186.188.171",213
"10.186.201.15",475
"10.186.216.194",122
"10.186.220.201",172
"10.186.236.122",109
"10.186.238.9",106
"10.186.241.145",108
"10.186.31.77",316
"10.186.52.118",111
"10.186.52.17",126
"10.186.56.126",2599
"10.186.56.183",111
"10.186.84.17",119
"10.187.111.224",138
"10.187.113.110",161
"10.187.132.117",131
"10.187.132.98",776
"10.187.147.30",139
"10.187.14.75",125
"10.187.164.79",126
"10.187.180.235",133
"10.187.186.179",132
"10.187.201.204",132
"10.187.203.238",110
"10.187.210.124",124
"10.187.212.83",215
"10.187.213.115",166
"10.187.23.44",135
"10.187.238.114",113
"10.187.242.37",636
"10.187.50.151",109
"10.187.56.177",393
"10.187.65.25",927
"10.187.73.145",770
"10.187.76.144",172
"10.187.99.237",254
"10.188.102.86",189
"10.188.121.168",631
"10.188.138.24",133
"10.188.149.27",111
"10.188.162.230",160
"10.188.172.149",384
"10.188.192.93",236
"10.188.198.60",326
"10.188.221.47",121
"10.188.229.58",484
"10.188.244.214",557
"10.18.83.183",154
"10.188.32.195",157
"10.188.63.48",118
"10.188.79.81",328
"10.18.88.165",122
"10.188.99.70",202
"10.189.101.218",114
"10.189.107.170",246
"10.189.110.30",1293
"10.189.1.104",109
"10.189.117.234",101
"10.189.122.197",256
"10.189.128.144",156
"10.189.139.115",119
"10.189.139.208",136
"10.189.150.187",161
"10.189.153.230",141
"10.189.169.134",1641
"10.189.180.49",187
"10.189.210.64",443
"10.189.214.221",2713
"10.189.232.188",150
"10.189.27.91",141
"10.18.93.193",132
"10.189.32.130",198
"10.189.59.101",383
"10.189.71.4",152
"10.189.72.167",183
"10.190.122.106",157
"10.190.130.16",101
"10.190.13.188",1103
"10.190.182.83",129
"10.190.189.15",127
"10.190.205.225",677
"10.190.231.203",129
"10.190.232.90",130
"10.190.239.145",6722
"10.190.26.23",994
"10.190.44.116",146
"10.190.53.24",584
"10.190.94.66",128
"10.19.104.142",142
"10.191.108.34",221
"10.19.117.228",160
"10.191.17.30",121
"10.19.1.175",275
"10.191.191.229",124
"10.191.198.212",245
"10.191.205.26",521
"10.191.206.210",373
"10.191.215.223",1101
"10.191.219.67",529
"10.191.236.236",217
"10.191.237.78",3086
"10.191.246.27",124
"10.19.133.174",127
"10.19.149.26",221
"10.191.52.170",257
"10.19.155.234",388
"10.191.56.184",230
"10.19.158.155",205
"10.191.61.189",117
"10.19.17.238",140
"10.191.74.157",349
"10.191.79.132",470
"10.191.8.27",126
"10.191.91.187",121
"10.19.196.222",163
"10.19.202.20",109
"10.192.103.66",228
"10.192.107.164",208
"10.192.137.75",655
"10.192.159.165",139
"10.192.16.115",111
"10.192.182.8",417
"10.192.20.156",113
"10.192.201.59",336
"10.192.206.57",186
"10.192.21.41",114
"10.192.229.190",328
"10.192.236.37",205
"10.192.248.86",204
"10.19.226.186",484
"10.19.237.240",546
"10.192.56.219",105
"10.192.66.196",3594
"10.192.68.71",110
"10.192.7.49",134
"10.192.78.16",147
"10.192.81.125",466
"10.192.87.10",266
"10.192.98.218",727
"10.193.104.14",363
"10.193.116.174",246
"10.193.124.46",166
"10.193.140.247",103
"10.193.173.211",239
"10.193.177.117",684
"10.193.189.172",115
"10.193.196.181",178
"10.193.201.152",146
"10.193.203.123",137
"10.193.22.120",486
"10.193.228.173",1227
"10.193.228.243",107
"10.193.229.223",115
"10.193.244.66",234
"10.193.245.74",109
"10.193.35.180",126
"10.193.68.230",227
"10.193.99.160",868
"10.194.125.194",113
"10.194.130.189",277
"10.194.138.186",160
"10.194.168.248",351
"10.194.171.141",722
"10.194.189.34",275
"10.194.20.245",204
"10.194.232.19",116
"10.194.242.97",101
"10.194.37.41",186
"10.194.43.59",201
"10.194.47.82",214
"10.194.6.115",2237
"10.194.63.31",241
"10.194.74.106",16806
"10.194.86.4",142
"10.194.88.228",336
"10.194.88.68",106
"10.194.95.205",249
"10.195.114.17",952
"10.195.115.230",106
"10.195.139.104",122
"10.195.149.188",470
"10.195.15.31",155
"10.195.154.119",167
"10.195.162.24",160
"10.195.180.92",371
"10.195.196.81",270
"10.19.52.107",134
"10.195.221.42",125
"10.195.231.228",162
"10.195.233.190",547
"10.195.234.104",239
"10.195.249.77",104
"10.195.53.214",327
"10.195.54.42",2587
"10.195.68.67",143
"10.195.90.114",209
"10.196.115.182",183
"10.196.12.116",129
"10.196.131.11",167
"10.196.133.174",150
"10.196.178.139",117
"10.196.180.151",105
"10.196.190.119",374
"10.196.192.28",275
"10.196.202.223",105
"10.196.214.87",791
"10.19.6.220",241
"10.196.2.238",114
"10.19.62.43",113
"10.196.28.249",3948
"10.196.3.226",135
"10.19.67.49",5045
"10.197.111.236",194
"10.197.126.70",258
"10.197.136.176",196
"10.197.140.242",1214
"10.197.157.170",114
"10.197.159.56",103
"10.197.169.104",251
"10.197.171.71",162
"10.197.175.170",446
"10.197.179.62",123
"10.197.218.20",152
"10.197.239.92",953
"10.197.25.164",268
"10.197.28.110",114
"10.197.34.144",110
"10.197.56.212",839
"10.19.76.71",1272
"10.197.79.249",239
"10.19.79.135",343
"10.198.105.24",127
"10.198.105.5",234
"10.198.108.211",120
"10.198.122.104",103
"10.198.130.132",138
"10.198.152.30",797
"10.198.19.106",120
"10.198.21.208",115
"10.198.212.189",104
"10.198.212.247",133
"10.198.233.79",156
"10.198.238.249",3594
"10.198.26.162",525
"10.198.49.41",131
"10.198.67.27",210
"10.198.76.198",134
"10.198.77.208",136
"10.199.103.248",7699
"10.199.136.75",102
"10.199.148.178",109
"10.199.167.230",872
"10.199.193.2",132
"10.199.200.33",189
"10.199.207.141",109
"10.199.228.105",131
"10.199.236.160",108
"10.199.24.12",138
"10.199.24.180",200
"10.199.29.85",1227
"10.199.53.117",176
"10.199.55.39",233
"10.199.59.49",118
"10.199.75.109",158
"10.200.117.214",427
"10.200.121.230",274
"10.200.124.9",141
"10.200.138.87",148
"10.200.15.27",199
"10.200.156.13",319
"10.200.166.202",4382
"10.200.184.212",14420
"10.200.186.67",107
"10.200.188.188",211
"10.200.193.167",277
"10.200.217.85",253
"10.200.22.92",310
"10.200.237.222",142
"10.200.43.1",162
"10.200.44.246",7712
"10.200.46.97",126
"10.200.56.110",161
"10.200.66.92",175
"10.200.85.161",1160
"10.200.93.133",214
"10.20.100.53",120
"10.20.105.6",226
"10.201.104.203",432
"10.201.111.249",124
"10.201.122.8",108
"10.201.135.126",110
"10.201.149.222",121
"10.201.150.180",165
"10.201.156.129",106
"10.201.157.51",6452
"10.201.163.219",385
"10.201.169.198",151
"10.201.1.79",248
"10.201.198.93",111
"10.201.202.119",220
"10.201.204.14",161
"10.201.207.56",108
"10.20.132.109",123
"10.20.135.139",229
"10.201.49.129",128
"10.201.51.79",140
"10.20.159.3",1522
"10.201.6.237",917
"10.201.96.155",286
"10.20.197.26",662
"10.20.200.185",114
"10.202.101.220",189
"10.202.130.187",652
"10.202.131.9",584
"10.202.166.49",149
"10.202.171.50",134
"10.202.17.245",484
"10.202.183.65",113
"10.202.191.142",334
"10.202.193.63",421
"10.202.202.157",334
"10.202.208.53",118
"10.202.214.46",161
"10.202.219.197",146
"10.20.222.66",441
"10.202.248.23",121
"10.202.6.229",200
"10.202.81.188",188
"10.202.95.34",141
"10.203.125.132",235
"10.203.126.44",209
"10.203.132.85",328
"10.203.161.236",125
"10.203.16.140",5570
"10.203.197.66",508
"10.203.20.101",128
"10.203.206.51",129
"10.203.250.220",457
"10.203.3.169",156
"10.203.36.116",436
"10.203.51.236",429
"10.203.71.237",118
"10.203.77.198",18878
"10.203.98.90",598
"10.204.116.194",189
"10.204.157.60",241
"10.204.187.216",102
"10.204.188.96",114
"10.204.201.189",326
"10.204.202.28",103
"10.204.222.154",170
"10.204.22.47",679
"10.204.245.29",169
"10.204.246.199",150
"10.204.28.75",113
"10.204.37.243",109
"10.204.48.204",197
"10.204.48.53",149
"10.204.8.11",127
"10.204.86.212",135
"10.20.50.139",151
"10.205.102.107",587
"10.205.133.237",159
"10.205.135.88",156
"10.205.174.82",202
"10.205.182.75",129
"10.205.187.100",259
"10.205.18.86",108
"10.205.197.78",2821
"10.205.215.91",329
"10.205.216.211",698
"10.205.22.5",274
"10.205.45.125",140
"10.205.72.238",5094
"10.205.73.140",255
"10.205.82.131",122
"10.20.58.29",162
"10.205.85.111",727
"10.206.110.28",257
"10.206.117.210",105
"10.206.143.229",108
"10.206.148.35",114
"10.206.154.154",272
"10.206.154.6",547
"10.206.167.219",235
"10.206.16.92",141
"10.206.170.204",210
"10.206.175.136",212
"10.206.17.68",235
"10.206.184.236",263
"10.206.195.61",7450
"10.206.211.56",111
"10.206.241.37",231
"10.206.38.62",142
"10.20.64.101",244
"10.206.59.218",133
"10.206.9.76",102
"10.207.123.202",107
"10.207.138.24",210
"10.207.141.103",178
"10.207.145.191",145
"10.207.180.191",102
"10.207.18.215",218
"10.207.188.188",398
"10.207.190.45",106
"10.207.209.4",1033
"10.207.21.238",115
"10.207.227.152",360
"10.207.243.9",256
"10.207.248.6",872
"10.207.49.131",3243
"10.207.69.156",121
"10.207.86.134",166
"10.208.105.122",144
"10.208.114.224",395
"10.208.119.136",507
"10.208.12.166",105
"10.208.139.98",3787
"10.208.166.238",143
"10.208.219.217",150
"10.208.221.97",464
"10.208.230.98",179
"10.208.231.13",194
"10.208.45.191",731
"10.20.85.35",1016
"10.208.55.7",122
"10.208.77.32",254
"10.208.79.172",182
"10.209.12.230",175
"10.209.123.132",854
"10.209.137.160",121
"10.209.145.45",145
"10.209.160.22",130
"10.209.223.155",195
"10.209.225.106",124
"10.209.232.112",109
"10.209.246.163",132
"10.209.248.7",396
"10.209.31.175",211
"10.209.31.30",280
"10.209.37.184",139
"10.20.95.34",132
"10.209.56.129",1223
"10.209.57.66",219
"10.210.121.64",146
"10.210.139.39",127
"10.210.140.200",176
"10.210.146.231",105
"10.210.157.117",102
"10.210.158.158",102
"10.210.167.119",1618
"10.210.186.52",158
"10.210.205.74",231
"10.210.206.214",315
"10.210.211.89",1213
"10.210.215.137",355
"10.210.224.4",114
"10.210.226.61",185
"10.210.23.243",4607
"10.210.25.245",132
"10.210.37.62",107
"10.210.88.98",206
"10.211.10.95",110
"10.21.11.33",133
"10.211.144.230",900
"10.211.145.250",331
"10.211.162.166",133
"10.211.177.186",170
"10.211.178.137",110
"10.211.19.160",161
"10.21.119.173",127
"10.211.194.241",248
"10.211.204.190",271
"10.211.207.136",122
"10.211.212.117",136
"10.211.225.46",176
"10.211.237.181",5649
"10.21.123.92",310
"10.211.240.212",186
"10.211.29.67",638
"10.211.47.159",20866
"10.21.148.217",215
"10.211.51.122",448
"10.21.158.134",115
"10.211.63.89",323
"10.21.183.111",148
"10.21.184.73",101
"10.2.118.7",334
"10.211.91.77",408
"10.211.9.191",154
"10.21.211.129",137
"10.212.143.163",884
"10.212.173.188",212
"10.212.17.58",169
"10.212.198.83",215
"10.212.205.33",126
"10.212.211.12",198
"10.212.226.107",181
"10.212.236.233",348
"10.21.235.56",101
"10.21.237.90",259
"10.21.247.25",108
"10.212.49.93",536
"10.21.25.222",157
"10.212.56.228",608
"10.212.80.63",114
"10.212.85.224",771
"10.212.96.114",800
"10.213.148.22",261
"10.213.190.172",571
"10.213.202.159",239
"10.213.207.199",229
"10.213.218.207",629
"10.213.243.149",203
"10.213.244.169",913
"10.2.134.37",678
"10.213.56.105",172
"10.213.59.65",169
"10.213.87.60",150
"10.213.96.36",208
"10.214.106.94",157
"10.214.112.115",409
"10.214.11.37",644
"10.21.4.119",102
"10.214.137.108",1330
"10.214.138.25",2902
"10.214.15.136",101
"10.214.155.137",438
"10.214.157.31",224
"10.214.159.133",190
"10.214.168.88",159
"10.214.180.181",122
"10.214.194.61",185
"10.214.209.31",122
"10.214.236.63",458
"10.214.57.151",162
"10.21.46.102",229
"10.214.74.107",685
"10.214.80.2",101
"10.214.91.36",231
"10.215.140.201",220
"10.215.142.160",1032
"10.215.157.56",131
"10.215.174.113",231
"10.215.186.207",126
"10.215.215.200",469
"10.215.223.86",103
"10.215.238.109",155
"10.215.241.138",178
"10.215.242.14",207
"10.215.244.120",1773
"10.215.41.151",343
"10.215.41.162",640
"10.215.54.96",262
"10.215.79.95",135
"10.215.95.2",119
"10.216.106.188",102
"10.216.113.172",158613
"10.216.119.150",166
"10.216.130.154",538
"10.216.134.214",104
"10.216.159.83",930
"10.216.168.236",206
"10.216.170.140",3512
"10.2.16.174",503
"10.216.193.88",132
"10.216.195.55",121
"10.216.20.223",119
"10.216.208.157",564
"10.2.16.22",520
"10.216.22.4",436
"10.216.227.195",11975
"10.216.29.149",1638
"10.216.41.20",223
"10.216.45.222",164
"10.216.48.152",176
"10.216.49.11",142
"10.21.65.187",212
"10.216.63.218",741
"10.2.167.172",106
"10.216.73.148",152
"10.216.77.18",139
"10.216.78.122",365
"10.216.90.128",138
"10.2.169.239",293
"10.217.10.79",106
"10.217.117.159",192
"10.217.120.177",119
"10.217.128.229",187
"10.217.129.37",199
"10.217.139.59",6034
"10.217.151.145",2794
"10.217.180.185",155
"10.217.229.54",129
"10.217.32.16",141
"10.217.44.85",121
"10.217.95.177",743
"10.217.96.205",107
"10.217.97.34",230
"10.218.143.85",144
"10.218.160.178",165
"10.218.168.236",140
"10.218.178.171",142
"10.218.18.171",279
"10.218.192.158",258
"10.218.1.97",105
"10.218.207.1",561
"10.218.224.86",340
"10.218.230.1",948
"10.218.240.181",152
"10.218.25.219",203
"10.218.46.53",1748
"10.218.47.21",486
"10.2.185.132",104
"10.218.78.165",193
"10.218.80.58",248
"10.218.93.107",256
"10.219.104.131",255
"10.219.135.64",122
"10.219.136.193",471
"10.219.138.46",184
"10.219.142.79",292
"10.219.150.223",172
"10.219.180.224",102
"10.219.194.235",475
"10.219.202.152",208
"10.219.206.105",6395
"10.219.226.50",271
"10.219.247.80",151
"10.219.41.68",113
"10.219.4.6",120
"10.219.47.157",155
"10.219.48.98",123
"10.219.49.21",108
"10.219.5.83",128
"10.219.78.76",327
"10.219.86.200",138
"10.219.86.215",388
"10.220.112.1",51942
"10.220.13.127",125
"10.220.141.204",111
"10.220.144.167",2646
"10.220.165.228",576
"10.220.167.133",323
"10.220.210.68",154
"10.220.21.228",151
"10.220.2.179",109
"10.220.229.45",118
"10.220.3.131",128
"10.220.42.75",101
"10.220.43.99",326
"10.220.50.94",138
"10.2.205.165",765
"10.220.73.130",163
"10.221.108.124",122
"10.221.109.118",175
"10.221.114.56",125
"10.221.125.36",234
"10.221.138.111",1266
"10.221.155.8",116
"10.221.179.195",134
"10.221.181.94",269
"10.221.21.232",102
"10.221.225.181",134
"10.221.228.45",473
"10.221.239.71",133
"10.221.26.183",241
"10.22.131.200",254
"10.221.3.134",151
"10.22.135.67",200
"10.22.141.21",2679
"10.22.148.154",290
"10.22.149.188",214
"10.22.162.156",403
"10.221.62.23",3367
"10.22.167.78",178
"10.221.70.114",1012
"10.221.78.124",212
"10.22.18.131",355
"10.22.19.65",127
"10.222.10.7",1132
"10.222.117.104",140
"10.222.12.173",127
"10.22.212.66",3343
"10.22.213.20",916
"10.222.142.231",111
"10.222.149.167",102
"10.222.152.44",104
"10.222.163.37",157
"10.222.184.154",607
"10.222.204.172",259
"10.222.212.234",129
"10.222.217.63",907
"10.222.244.24",504
"10.22.239.109",137
"10.22.241.84",704
"10.222.57.173",130
"10.222.84.73",104
"10.222.87.179",112
"10.222.88.235",222
"10.2.229.238",179
"10.222.99.148",106
"10.223.100.101",253
"10.223.106.130",243
"10.223.115.250",124
"10.223.118.19",107
"10.223.118.196",111
"10.223.120.11",101
"10.223.144.37",155
"10.223.146.18",148
"10.223.157.186",115
"10.223.197.188",284
"10.223.205.231",296
"10.223.233.245",636
"10.223.60.22",230
"10.223.69.145",1136
"10.223.76.8",168
"10.223.78.130",125
"10.223.78.49",338
"10.223.97.18",127
"10.224.102.148",116
"10.224.104.45",2857
"10.224.108.176",134
"10.224.111.53",271
"10.224.12.203",1642
"10.224.131.76",212
"10.224.133.60",137
"10.224.164.158",131
"10.224.195.127",1710
"10.224.196.93",152
"10.224.202.37",1952
"10.224.209.106",151
"10.224.212.132",108
"10.224.214.28",105
"10.224.222.142",151
"10.224.226.155",110
"10.224.239.27",1007
"10.224.36.224",104
"10.224.38.98",137
"10.2.247.107",1507
"10.224.90.176",155
"10.225.121.226",172
"10.225.12.229",396
"10.225.135.249",134
"10.225.140.41",120
"10.225.160.147",251
"10.225.209.24",808
"10.225.25.132",122
"10.225.73.94",540
"10.225.77.39",108
"10.225.8.117",158
"10.225.97.41",118
"10.226.103.46",209
"10.226.12.118",277
"10.226.130.133",132
"10.226.139.158",559
"10.226.186.212",407
"10.226.197.54",453
"10.226.199.217",271
"10.226.26.26",541
"10.226.52.44",2627
"10.226.73.141",205
"10.226.86.23",101
"10.226.88.19",129
"10.226.99.159",140
"10.227.109.96",146
"10.227.127.42",104
"10.227.141.168",304
"10.227.142.4",305
"10.227.146.52",119
"10.227.147.25",110
"10.227.147.93",141
"10.227.167.71",265
"10.227.17.107",4689
"10.227.172.183",117
"10.227.176.96",231
"10.227.179.34",183
"10.227.183.205",179
"10.227.19.157",126
"10.227.199.247",281
"10.227.208.25",152
"10.227.236.210",332
"10.227.36.74",913
"10.227.58.155",328
"10.227.69.229",158
"10.22.77.177",442
"10.227.83.156",238
"10.22.78.58",126
"10.227.8.71",110
"10.228.1.159",203
"10.228.127.172",216
"10.228.172.94",125
"10.228.174.52",243
"10.228.212.193",125
"10.228.216.47",116
"10.228.224.95",313
"10.228.246.135",325
"10.228.27.40",123
"10.228.4.29",178
"10.228.49.158",145
"10.228.52.73",140
"10.228.75.191",129
"10.228.80.216",1044
"10.22.89.145",108
"10.229.129.226",344
"10.229.13.228",222
"10.229.141.13",941
"10.229.144.240",672
"10.229.150.134",281
"10.229.163.35",114
"10.229.180.237",164
"10.229.19.124",324
"10.229.197.181",115
"10.229.211.194",174
"10.229.217.240",168
"10.229.230.10",146
"10.229.232.177",388
"10.229.241.38",1094
"10.229.27.104",306
"10.229.32.151",349
"10.229.49.129",102
"10.229.6.140",198
"10.229.96.107",131
"10.230.111.49",203
"10.230.112.129",869
"10.230.122.231",215
"10.230.134.91",490
"10.230.157.205",1353
"10.230.159.110",891
"10.230.171.191",1032
"10.230.172.16",721
"10.230.191.135",458
"10.230.194.78",315
"10.230.198.226",101
"10.230.200.71",894
"10.230.203.195",129
"10.230.205.227",142
"10.230.238.195",145
"10.230.239.132",345
"10.230.31.180",1213
"10.230.3.41",121
"10.230.46.207",120
"10.230.56.106",598
"10.230.57.107",215
"10.230.61.95",211
"10.230.87.165",109
"10.230.88.20",302
"10.230.93.147",152
"10.230.97.64",207
"10.23.10.212",179
"10.23.109.164",125
"10.231.102.15",544
"10.231.104.158",246
"10.231.122.208",201
"10.231.127.103",270
"10.231.136.242",328
"10.231.140.108",1351
"10.231.16.219",199
"10.23.117.186",3483
"10.231.175.35",265
"10.231.184.146",1300
"10.231.191.229",132
"10.231.202.177",199
"10.231.223.77",236
"10.23.12.30",126
"10.23.134.134",133
"10.231.37.19",111
"10.23.138.240",156
"10.231.60.114",276
"10.231.60.244",6550
"10.231.69.85",115
"10.23.171.121",136
"10.231.75.131",239
"10.231.85.137",295
"10.23.193.219",328
"10.23.194.186",108
"10.23.203.247",722
"10.232.130.87",432
"10.232.13.141",320
"10.232.134.61",584
"10.232.137.86",219
"10.232.151.13",197
"10.232.195.131",309
"10.232.220.58",166
"10.232.225.38",336
"10.232.245.149",278
"10.23.225.50",403
"10.23.23.154",340
"10.23.24.18",103
"10.232.42.138",129
"10.23.246.19",153
"10.232.7.53",161
"10.232.86.212",2737
"10.232.97.109",209
"10.232.98.236",659
"10.23.30.79",110
"10.233.115.105",241
"10.233.1.218",149
"10.233.123.237",241
"10.233.160.136",206
"10.233.17.79",194
"10.233.179.30",266
"10.233.239.141",323
"10.233.240.35",221
"10.233.250.121",413
"10.233.29.201",106
"10.233.43.208",133
"10.233.60.98",106
"10.233.66.108",162
"10.233.88.100",227
"10.233.90.216",106
"10.233.97.148",120
"10.233.98.66",111
"10.234.116.234",359
"10.234.146.148",167
"10.234.15.156",2261
"10.234.183.181",126
"10.234.186.63",412
"10.234.19.113",524
"10.234.192.74",105
"10.234.201.172",154
"10.234.207.18",104
"10.234.26.86",166
"10.234.27.2",862
"10.234.34.193",114
"10.23.4.35",119
"10.2.34.41",125
"10.234.43.177",121
"10.234.49.28",622
"10.234.54.65",146
"10.234.71.144",104
"10.234.71.240",133
"10.234.7.67",405
"10.235.113.95",170
"10.235.122.174",661
"10.235.13.125",102
"10.235.142.240",171
"10.235.150.129",101
"10.235.186.88",230
"10.235.189.185",182
"10.235.217.183",105
"10.235.230.8",134
"10.235.234.242",155
"10.235.237.144",249
"10.235.241.41",245
"10.235.243.22",107
"10.235.47.11",438
"10.235.52.89",131
"10.235.91.126",390
"10.235.96.76",162
"10.236.104.175",246
"10.236.157.83",119
"10.236.160.90",191
"10.236.180.13",107
"10.236.191.57",184
"10.236.231.63",6610
"10.236.38.205",275
"10.236.38.93",217
"10.236.39.60",951
"10.236.58.122",549
"10.236.87.55",481
"10.237.123.161",177
"10.237.129.249",135
"10.237.135.105",276
"10.237.167.18",434
"10.237.181.171",1941
"10.237.182.209",215
"10.237.185.113",104
"10.237.194.74",222
"10.237.204.14",224
"10.237.32.65",251
"10.237.38.107",114
"10.23.74.47",324
"10.237.74.152",785
"10.238.101.239",12450
"10.238.113.38",125
"10.238.128.228",131
"10.238.153.100",144
"10.238.174.12",134
"10.238.176.245",1500
"10.238.188.120",777
"10.238.198.138",364
"10.238.199.83",115
"10.238.200.218",371
"10.238.21.9",191
"10.238.228.173",110
"10.238.230.45",115
"10.238.25.105",265
"10.238.29.122",508
"10.238.33.202",156
"10.23.84.124",137
"10.238.51.96",626
"10.238.66.187",110
"10.23.87.176",227
"10.238.73.104",103
"10.23.88.202",472
"10.239.101.224",173
"10.239.116.226",186
"10.239.124.180",115
"10.239.126.76",154
"10.239.128.143",110
"10.239.139.236",112
"10.239.148.156",471
"10.239.164.79",184
"10.239.173.10",263
"10.239.176.198",148
"10.239.195.52",109
"10.239.200.150",920
"10.239.218.199",228
"10.239.22.150",127
"10.239.226.215",101
"10.239.27.52",192
"10.239.34.194",106
"10.239.52.68",5650
"10.239.8.38",124
"10.239.89.42",117
"10.239.96.246",169
"10.240.109.20",219
"10.240.109.72",1088
"10.240.118.24",284
"10.240.127.78",443
"10.240.140.91",331
"10.240.142.247",163
"10.240.144.183",43592
"10.240.169.218",202
"10.240.192.14",228
"10.240.200.194",145
"10.240.215.30",508
"10.240.22.116",108
"10.240.237.8",141
"10.240.247.111",765
"10.240.27.88",155
"10.240.35.167",132
"10.240.40.171",1549
"10.240.40.197",130
"10.240.74.209",213
"10.240.77.23",168
"10.240.96.249",112
"10.241.100.125",102
"10.241.121.250",120
"10.241.159.101",1743
"10.241.195.226",115
"10.241.202.209",274
"10.241.209.99",150
"10.241.229.214",255
"10.241.233.177",161
"10.241.240.121",3979
"10.241.246.186",2245
"10.24.128.123",112
"10.241.39.53",129
"10.24.150.4",2214
"10.24.156.129",147
"10.241.8.159",267
"10.241.86.85",272
"10.24.198.204",107
"10.24.198.96",249
"10.242.100.233",287
"10.242.111.138",108
"10.242.116.73",183
"10.242.121.49",116
"10.242.126.217",105
"10.242.132.28",107
"10.242.164.243",2339
"10.242.171.140",407
"10.242.172.235",212
"10.242.201.136",415
"10.242.207.20",103
"10.242.2.166",174
"10.242.219.167",1089
"10.242.230.194",135
"10.242.25.53",116
"10.242.27.234",6292
"10.242.33.30",119
"10.24.26.172",2931
"10.242.64.25",107
"10.242.65.152",384
"10.242.96.66",202
"10.243.130.26",159
"10.243.138.150",267
"10.243.142.73",597
"10.243.148.94",152
"10.243.149.194",130
"10.243.170.10",115
"10.243.184.37",128
"10.243.192.110",144
"10.243.203.79",110
"10.243.205.64",146
"10.243.208.33",187
"10.243.225.166",146
"10.243.229.209",560
"10.243.23.214",440
"10.243.240.112",118
"10.243.242.186",132
"10.24.3.246",256
"10.243.246.211",3913
"10.243.248.106",120
"10.243.41.189",103
"10.243.48.90",127
"10.243.60.147",117
"10.243.87.112",211
"10.243.97.115",185
"10.243.98.207",260
"10.244.137.3",6545
"10.244.141.53",3290
"10.244.147.69",230
"10.244.167.248",4351
"10.244.183.19",143
"10.244.191.191",102
"10.244.233.173",139
"10.244.25.60",114
"10.244.45.87",416
"10.244.46.92",140
"10.244.64.125",1087
"10.244.68.15",669
"10.244.74.129",106
"10.244.95.133",147
"10.244.96.162",910
"10.244.99.235",521
"10.245.14.12",436
"10.245.160.21",318
"10.245.162.40",404
"10.245.169.147",126
"10.245.177.204",119
"10.245.18.227",123
"10.245.190.67",113
"10.245.202.130",1261
"10.245.206.133",145
"10.245.208.15",127
"10.245.231.249",701
"10.245.235.29",300
"10.245.248.96",539
"10.245.46.200",294
"10.245.87.50",372
"10.246.102.41",269
"10.246.106.26",568
"10.246.107.96",421
"10.246.122.201",367
"10.246.124.152",151
"10.246.127.187",554
"10.246.151.162",4426
"10.246.206.61",106
"10.246.222.159",379
"10.246.231.184",206
"10.246.238.150",101
"10.246.39.142",158
"10.247.111.104",15583
"10.247.149.31",371
"10.247.151.114",203
"10.247.185.118",174
"10.247.186.198",201
"10.247.196.66",962
"10.247.197.213",255
"10.247.230.215",328
"10.247.237.202",106
"10.247.240.153",1414
"10.247.250.123",216
"10.247.31.118",410
"10.247.31.44",189
"10.247.67.36",370
"10.247.70.223",108
"10.247.78.28",207
"10.247.8.215",440
"10.247.82.35",118
"10.248.102.65",143
"10.248.110.50",405
"10.248.110.67",112
"10.248.114.142",163
"10.248.12.62",180
"10.248.129.80",235
"10.248.131.214",445
"10.248.145.48",106
"10.248.147.5",136
"10.248.15.112",163
"10.248.15.119",108
"10.248.154.55",230
"10.248.168.175",599
"10.248.172.23",102
"10.248.194.43",4217
"10.248.199.164",101
"10.248.200.181",139
"10.248.213.104",111
"10.248.215.171",123
"10.2.48.232",119
"10.248.236.203",192
"10.248.242.117",199
"10.248.247.3",119
"10.248.36.117",5956
"10.248.36.73",105
"10.248.77.156",340
"10.248.77.207",114
"10.249.130.15",181
"10.249.136.181",2520
"10.249.172.30",110
"10.24.91.80",117
"10.249.232.169",141
"10.249.234.125",318
"10.249.240.17",271
"10.249.248.194",127
"10.249.42.197",116
"10.249.71.146",1519
"10.249.76.87",133
"10.249.85.235",951
"10.249.85.38",5003
"10.249.98.247",128
"10.250.119.33",121
"10.250.124.8",155
"10.250.151.48",128
"10.250.158.241",106
"10.250.17.210",107
"10.250.177.37",150
"10.250.178.244",239
"10.250.211.120",112
"10.250.221.187",106
"10.250.224.7",3548
"10.250.35.167",113
"10.250.77.169",413
"10.250.91.148",101
"10.250.98.216",545
"10.250.99.153",105
"10.25.136.198",386
"10.25.147.194",929
"10.25.150.63",126
"10.25.180.131",114
"10.25.181.10",262
"10.25.187.226",1411
"10.25.187.23",1026
"10.25.193.40",509
"10.25.196.1",120
"10.25.200.194",168
"10.25.200.6",112
"10.25.203.207",107
"10.25.20.51",12074
"10.25.239.198",146
"10.25.72.28",309
"10.26.105.155",911
"10.26.131.214",114
"10.26.14.19",103
"10.26.148.188",268
"10.26.167.53",131
"10.26.189.73",121
"10.26.212.51",131
"10.26.225.27",164
"10.26.226.121",136
"10.26.226.214",124
"10.26.239.243",146
"10.26.248.55",135
"10.26.25.114",691
"10.2.63.228",113
"10.2.65.212",174
"10.26.76.66",608
"10.27.102.121",143
"10.27.115.69",126
"10.27.142.213",380
"10.27.167.239",151
"10.27.196.104",1506
"10.27.20.224",188
"10.27.212.187",328
"10.27.21.67",430
"10.27.228.202",230
"10.27.243.215",203
"10.27.28.109",118
"10.27.28.151",2482
"10.27.36.73",109
"10.27.40.207",126
"10.27.62.163",102
"10.27.84.141",477
"10.27.89.69",126
"10.27.94.22",298
"10.28.129.4",476
"10.28.144.92",205
"10.28.174.77",133
"10.28.210.91",366
"10.28.215.23",321
"10.28.231.156",219
"10.28.232.7",106
"10.28.31.33",339
"10.28.8.7",149
"10.28.87.23",105
"10.28.95.193",210
"10.29.120.145",528
"10.29.124.236",119
"10.29.134.121",163
"10.29.139.66",367
"10.29.15.238",178
"10.29.19.126",153
"10.29.219.88",1478
"10.29.228.211",556
"10.29.228.231",135
"10.29.241.151",122
"10.29.28.211",122
"10.29.30.51",322
"10.2.93.171",260
"10.29.5.204",107
"10.29.67.214",147
"10.29.95.171",536
"10.29.97.155",4745
"10.30.102.60",299
"10.30.113.178",119
"10.30.126.126",320
"10.30.129.76",299
"10.30.141.14",132
"10.30.147.166",160
"10.30.155.8",1307
"10.30.171.15",175
"10.30.182.73",216
"10.30.203.105",123
"10.30.215.217",197
"10.30.245.132",737
"10.30.33.202",131
"10.30.37.225",171
"10.30.63.244",839
"10.30.64.61",471
"10.30.78.17",119
"10.30.9.16",120
"10.3.103.114",213
"10.31.105.201",224
"10.31.106.42",104
"10.31.111.136",265
"10.31.131.133",655
"10.3.113.15",140
"10.31.142.128",334
"10.31.146.109",103
"10.31.15.15",104
"10.31.199.92",351
"10.31.2.127",498
"10.31.219.205",154
"10.31.222.130",132
"10.31.23.140",140
"10.31.245.177",157
"10.3.133.216",4708
"10.3.151.134",314
"10.31.57.133",276
"10.3.166.15",604
"10.31.67.134",181
"10.31.7.132",110
"10.31.77.18",18721
"10.31.77.187",168
"10.31.78.67",120
"10.31.86.110",158
"10.3.187.189",285
"10.3.188.86",187
"10.31.9.123",167
"10.32.112.87",145
"10.32.117.87",102
"10.32.120.218",1165
"10.32.127.114",201
"10.32.128.62",315
"10.32.129.196",103
"10.32.13.247",101
"10.3.214.117",148
"10.32.160.140",135
"10.32.164.221",131
"10.32.180.214",215
"10.32.182.9",104
"10.32.185.183",332
"10.32.247.175",3163
"10.32.42.52",196
"10.32.44.244",299
"10.3.244.57",101
"10.32.64.215",377
"10.32.86.185",113
"10.32.88.25",810
"10.32.89.164",10023
"10.33.103.202",117
"10.33.104.243",196
"10.33.1.134",407
"10.33.115.58",294
"10.33.137.105",104
"10.33.137.118",134
"10.33.158.19",251
"10.33.161.139",215
"10.33.192.50",143
"10.33.217.103",265
"10.33.231.222",483
"10.33.232.224",104
"10.33.237.194",251
"10.33.245.226",184
"10.33.32.142",3242
"10.3.34.122",122
"10.33.54.132",125
"10.33.69.34",111
"10.33.81.225",104
"10.34.101.12",704
"10.34.146.8",396
"10.34.149.216",140
"10.34.1.6",465
"10.34.162.192",2851
"10.34.172.20",207
"10.34.195.211",134
"10.34.22.178",685
"10.34.228.193",328
"10.34.237.134",202
"10.34.37.6",162
"10.34.47.158",155
"10.34.60.9",216
"10.3.48.151",125
"10.34.83.131",458
"10.34.84.114",130
"10.34.94.130",136
"10.35.101.130",298
"10.35.111.239",205
"10.35.113.224",837
"10.35.121.32",399
"10.35.123.139",145
"10.35.140.163",1599
"10.35.142.161",215
"10.35.197.13",184
"10.35.204.93",137
"10.35.214.153",122
"10.35.220.229",832
"10.35.241.232",1100
"10.35.40.56",101
"10.35.41.26",108
"10.35.64.69",147
"10.35.66.136",149
"10.35.66.38",205
"10.35.91.173",167
"10.36.118.249",128
"10.36.120.211",125
"10.36.126.119",122
"10.36.135.184",884
"10.36.144.245",544
"10.36.164.106",167
"10.36.165.134",133
"10.36.168.168",132
"10.36.173.202",160
"10.36.202.70",275
"10.36.203.2",135
"10.36.210.93",132
"10.36.215.164",132
"10.36.227.96",101
"10.36.24.176",114
"10.36.246.203",110
"10.36.249.115",378
"10.36.25.196",244
"10.36.3.132",413
"10.36.38.192",4714
"10.3.63.9",1022
"10.36.39.199",3677
"10.36.48.90",101
"10.3.68.209",840
"10.36.92.7",160
"10.36.99.113",182
"10.37.117.185",120
"10.37.1.23",6521
"10.37.156.15",145
"10.37.171.114",129
"10.37.171.38",1059
"10.37.177.188",134
"10.38.124.108",154
"10.38.141.116",182
"10.38.141.90",600
"10.38.153.56",362
"10.38.159.247",9773
"10.38.172.51",243
"10.38.175.167",2019
"10.38.179.177",1100
"10.38.185.62",117
"10.38.193.145",101
"10.38.211.135",110
"10.38.223.103",275
"10.38.223.219",202
"10.38.225.17",835
"10.38.5.240",112
"10.38.54.107",169
"10.38.61.236",230
"10.38.75.81",160
"10.38.76.202",165
"10.38.91.102",140
"10.39.120.208",185
"10.39.12.2",858
"10.39.165.133",115
"10.39.180.44",201
"10.39.196.199",443
"10.39.210.105",104
"10.39.213.48",149
"10.39.38.160",120
"10.39.45.89",160
"10.39.46.207",101
"10.39.47.243",104
"10.39.90.1",226
"10.39.93.142",218
"10.39.94.109",10681
"10.40.106.88",103
"10.40.124.243",120
"10.40.125.248",207
"10.40.127.230",297
"10.40.201.86",145
"10.40.211.199",230
"10.40.211.51",105
"10.40.218.209",297
"10.40.219.164",146
"10.40.222.14",345
"10.40.22.26",546
"10.40.60.146",210
"10.40.72.162",134
"10.41.107.18",442
"10.41.121.240",806
"10.41.13.46",207
"10.41.147.115",154
"10.41.149.16",107
"10.41.154.53",114
"10.41.158.77",142
"10.41.159.110",137
"10.41.173.174",118
"10.41.176.24",2060
"10.41.181.74",227
"10.4.119.107",121
"10.41.191.135",364
"10.41.20.156",151
"10.4.120.26",1786
"10.41.206.34",236
"10.41.218.204",105
"10.41.226.246",835
"10.41.244.9",112
"10.41.2.72",153
"10.41.31.75",3099
"10.41.38.236",126
"10.41.41.182",581
"10.4.144.13",1306
"10.41.44.202",289
"10.4.150.14",192
"10.4.151.188",103
"10.4.164.157",236
"10.41.69.177",37554
"10.41.73.42",133
"10.4.188.39",141
"10.41.90.202",222
"10.42.102.54",2895
"10.42.106.158",154
"10.42.111.24",252
"10.4.21.148",831
"10.42.15.65",2854
"10.42.169.37",107
"10.42.172.52",119
"10.42.18.141",165
"10.42.187.98",142
"10.42.217.157",127
"10.42.235.100",541
"10.42.242.137",114
"10.42.31.17",759
"10.42.44.185",151
"10.42.48.163",116
"10.42.49.21",4320
"10.42.72.247",207
"10.42.73.162",160
"10.42.78.94",104
"10.42.99.29",415
"10.43.108.32",107
"10.43.113.6",116
"10.43.125.118",556
"10.4.31.34",102
"10.43.142.231",169
"10.43.15.224",667
"10.43.17.105",168
"10.43.192.56",101
"10.43.19.81",124
"10.43.203.164",161
"10.43.20.58",117
"10.43.215.246",104
"10.43.250.111",865
"10.43.34.70",300
"10.43.37.101",131
"10.43.61.4",842
"10.43.81.13",3014
"10.44.108.217",228
"10.4.4.122",384
"10.44.130.57",535
"10.44.133.206",106
"10.44.161.206",3748
"10.44.166.13",1542
"10.44.173.101",128
"10.44.180.100",119
"10.44.203.12",276
"10.44.22.93",448
"10.44.241.11",152
"10.44.48.117",265
"10.44.65.42",191
"10.4.47.243",108
"10.45.109.238",489
"10.45.110.33",160
"10.45.111.242",284
"10.45.122.242",108
"10.45.125.225",261
"10.45.131.162",162
"10.45.145.207",887
"10.45.15.149",183
"10.45.152.113",101
"10.45.157.237",258
"10.45.157.28",147
"10.45.192.174",183
"10.45.193.186",104
"10.45.19.78",107
"10.45.206.55",144
"10.45.243.166",710
"10.45.69.21",153
"10.45.71.31",239
"10.46.112.13",106
"10.46.113.227",220
"10.46.126.77",101
"10.46.127.69",158
"10.46.147.112",294
"10.46.166.153",125
"10.46.167.211",121
"10.46.178.195",140
"10.46.187.190",2243
"10.46.202.20",696
"10.46.216.173",301
"10.4.62.184",214
"10.46.222.156",361
"10.46.231.227",3354
"10.46.28.210",132
"10.46.31.182",141
"10.46.33.237",186
"10.46.50.137",144
"10.4.65.35",322
"10.46.90.155",111
"10.46.9.228",163
"10.47.101.217",468
"10.47.141.243",163
"10.47.143.126",118
"10.47.169.250",112
"10.47.173.158",172
"10.47.175.114",124
"10.47.175.40",103
"10.47.196.240",412
"10.47.205.244",287
"10.47.216.237",179
"10.47.231.215",399
"10.47.236.209",624
"10.47.249.3",118
"10.47.34.127",110
"10.47.38.183",109
"10.47.58.25",510
"10.4.79.47",4397
"10.48.129.36",105
"10.48.139.11",115
"10.48.139.178",218
"10.48.150.248",2362
"10.48.161.119",195
"10.48.180.18",108
"10.48.206.216",554
"10.48.214.3",546
"10.48.224.82",113
"10.4.85.24",128
"10.48.76.193",116
"10.48.81.158",1324
"10.48.98.206",219
"10.48.98.215",113
"10.49.120.15",109
"10.49.133.58",118
"10.49.138.43",114
"10.49.139.94",307
"10.49.164.200",124
"10.49.18.17",134
"10.49.181.90",121
"10.49.183.126",254
"10.49.205.56",136
"10.49.211.155",136
"10.49.212.46",423
"10.49.2.144",123
"10.49.218.22",110
"10.49.245.242",158
"10.49.3.141",2038
"10.49.34.138",148
"10.4.96.135",3591
"10.49.91.1",134
"10.50.1.130",139
"10.50.133.151",363
"10.50.157.71",346
"10.50.161.29",202
"10.50.170.104",291
"10.50.180.207",340
"10.50.199.54",15717
"10.50.201.175",158
"10.50.226.223",5384
"10.50.247.99",270
"10.50.29.49",136
"10.50.39.213",415
"10.50.41.216",1879
"10.50.49.90",113
"10.50.61.222",154
"10.50.61.239",148
"10.50.65.36",304
"10.5.109.157",146
"10.51.13.159",1787
"10.51.144.114",103
"10.51.154.168",937
"10.51.157.77",104
"10.51.158.28",358
"10.51.170.131",114
"10.51.176.100",131
"10.51.180.218",233
"10.5.119.133",101
"10.51.203.194",134
"10.51.214.217",172
"10.51.215.202",699
"10.5.12.172",205
"10.51.221.247",155
"10.51.236.195",197
"10.51.238.147",114
"10.51.238.73",124
"10.51.247.238",174
"10.51.32.120",175
"10.5.141.173",110
"10.5.147.236",181
"10.5.148.29",404
"10.5.151.213",124
"10.51.61.233",118
"10.51.63.129",106
"10.51.80.187",138
"10.5.181.109",118
"10.5.188.103",1342
"10.5.188.236",415
"10.5.189.211",137
"10.5.206.21",133
"10.5.215.31",185
"10.52.180.87",195
"10.52.183.173",129
"10.52.204.97",2123
"10.52.212.241",839
"10.52.217.14",115
"10.52.218.147",119
"10.52.227.22",118
"10.5.239.138",127
"10.5.250.128",143
"10.52.60.247",116
"10.52.73.101",125
"10.52.74.203",226
"10.53.10.46",559
"10.53.14.149",131
"10.53.147.240",228
"10.53.148.92",226
"10.53.149.243",16709
"10.53.155.63",325
"10.53.157.63",253
"10.53.164.247",184
"10.53.186.20",195
"10.53.214.138",976
"10.53.236.6",139
"10.53.247.96",112
"10.53.29.126",215
"10.53.4.237",107
"10.53.6.171",428
"10.53.78.211",377
"10.53.78.50",210
"10.54.101.23",131
"10.54.10.177",137
"10.54.126.103",144
"10.54.143.175",10328
"10.54.155.9",159
"10.54.162.11",114
"10.54.169.45",118
"10.54.18.129",161
"10.54.215.175",167
"10.54.2.2",104
"10.54.221.33",160
"10.54.230.206",111
"10.54.234.4",121
"10.54.242.54",310
"10.54.246.109",144
"10.54.56.170",109
"10.54.62.57",296
"10.54.72.80",301
"10.54.76.185",1297
"10.54.90.10",791
"10.54.90.185",288
"10.55.102.192",854
"10.55.129.22",136
"10.55.144.222",140
"10.55.145.112",208
"10.55.147.226",561
"10.55.161.4",148
"10.55.176.183",223
"10.55.176.198",266
"10.55.191.28",558
"10.55.192.59",141
"10.55.197.71",340
"10.55.204.154",119
"10.55.212.179",170
"10.55.215.122",390
"10.55.2.192",200
"10.55.219.2",489
"10.55.237.68",118
"10.55.31.237",109
"10.55.51.90",125
"10.55.60.53",200
"10.55.66.207",143
"10.5.59.148",132
"10.5.60.149",305
"10.56.112.192",2033
"10.56.113.220",127
"10.56.118.55",104
"10.56.121.16",117
"10.56.121.99",871
"10.56.13.193",868
"10.56.17.191",506
"10.56.174.8",123
"10.56.178.43",153
"10.56.21.223",135
"10.56.222.46",195
"10.56.223.55",118
"10.56.250.20",110
"10.56.27.146",1726
"10.5.64.228",291
"10.56.46.15",109
"10.56.46.202",145
"10.56.48.40",17850
"10.56.49.243",331
"10.56.5.109",2489
"10.57.13.168",125
"10.57.138.154",324
"10.57.152.7",108
"10.57.165.90",181
"10.57.176.179",146
"10.57.179.226",212
"10.57.198.134",342
"10.57.199.201",927
"10.57.20.242",127
"10.57.218.6",194
"10.57.225.145",112
"10.57.46.113",155
"10.57.56.57",425
"10.57.72.175",4314
"10.57.82.88",126
"10.58.103.22",181
"10.58.119.217",1455
"10.58.159.247",107
"10.58.16.196",246
"10.58.177.52",143
"10.58.216.176",193
"10.58.244.121",298
"10.58.6.116",500
"10.58.95.187",433
"10.59.105.65",201
"10.59.184.10",112
"10.59.230.179",599
"10.59.235.236",203
"10.59.241.13",2964
"10.5.92.74",143
"10.59.29.154",220
"10.59.3.37",144
"10.59.42.194",685
"10.59.71.95",913
"10.59.87.97",171
"10.59.88.121",195
"10.59.99.12",153
"10.60.123.159",312
"10.60.123.40",103
"10.60.125.104",232
"10.60.125.67",170
"10.60.131.144",343
"10.60.136.127",1899
"10.60.141.231",429
"10.60.144.208",191
"10.60.191.41",401
"10.60.200.232",105
"10.60.209.170",133
"10.60.227.246",352
"10.60.229.211",102
"10.60.3.86",491
"10.60.43.54",1133
"10.60.56.71",299
"10.60.66.153",174
"10.60.81.42",198
"10.60.88.238",144
"10.6.108.52",117
"10.61.102.63",135
"10.61.123.116",109
"10.61.140.186",102
"10.61.156.210",3090
"10.61.165.69",110
"10.61.180.42",841
"10.6.118.39",122
"10.61.190.12",156
"10.61.192.206",103
"10.61.212.115",190
"10.61.232.147",6788
"10.61.234.5",345
"10.61.237.54",446
"10.61.241.234",205
"10.61.246.117",132
"10.6.140.118",105
"10.61.50.25",1701
"10.61.53.128",156
"10.61.53.80",137
"10.61.69.227",192
"10.61.80.186",136
"10.61.8.131",115
"10.61.89.7",134
"10.6.204.186",126
"10.62.101.150",233
"10.62.106.101",134
"10.62.106.52",223
"10.62.130.231",258
"10.6.213.248",139
"10.62.151.25",107
"10.62.213.16",886
"10.6.231.59",240
"10.62.3.216",176
"10.6.232.63",616
"10.62.39.229",147
"10.62.52.177",148
"10.62.78.157",114
"10.62.79.183",106
"10.62.80.117",130
"10.62.8.56",129
"10.63.136.178",127
"10.63.150.2",576
"10.63.150.66",117
"10.63.154.127",153
"10.63.165.207",356
"10.63.186.183",179
"10.63.195.48",257
"10.63.200.212",1022
"10.63.200.76",233
"10.63.234.140",125
"10.63.236.247",127
"10.63.239.129",132
"10.63.24.53",127
"10.6.34.78",575
"10.6.36.207",255
"10.6.39.32",164
"10.64.103.227",191
"10.64.124.117",108
"10.64.138.77",223
"10.64.16.1",495
"10.64.161.17",926
"10.64.179.23",400
"10.64.179.232",249
"10.64.21.98",105
"10.64.224.191",108
"10.64.234.82",2078
"10.64.3.199",311
"10.64.38.215",1270
"10.64.55.216",263
"10.64.7.249",189
"10.64.76.176",245
"10.64.84.209",262
"10.64.98.109",106
"10.65.125.163",261
"10.65.131.58",153
"10.65.155.82",187
"10.65.156.223",361
"10.65.16.119",105
"10.65.182.99",654
"10.65.209.170",125
"10.65.230.126",118
"10.65.238.144",1259
"10.65.33.41",237
"10.65.35.115",166
"10.65.3.88",124
"10.65.45.164",114
"10.65.46.49",295
"10.65.60.10",393
"10.65.64.226",2074
"10.65.79.78",167
"10.65.80.168",159
"10.65.80.77",354
"10.6.59.120",413
"10.65.99.70",114
"10.66.11.160",139
"10.66.13.80",736
"10.66.157.191",129
"10.66.168.122",138
"10.66.189.220",202
"10.66.206.166",752
"10.66.208.82",763
"10.66.210.74",111
"10.66.31.48",376
"10.6.64.187",924
"10.66.7.14",226
"10.66.82.198",149
"10.66.87.165",177
"10.6.68.72",1386
"10.6.70.53",1176
"10.67.11.26",132
"10.67.119.53",1283
"10.67.126.72",126
"10.67.133.229",221
"10.67.138.179",137
"10.67.150.101",180
"10.67.179.43",122
"10.67.183.104",308
"10.67.196.152",114
"10.67.198.83",149
"10.67.205.128",343
"10.67.212.158",106
"10.67.223.140",201
"10.67.23.190",5400
"10.67.30.221",142
"10.6.73.193",1186
"10.67.37.25",154
"10.67.43.49",173
"10.67.74.82",304
"10.67.90.38",124
"10.68.119.99",130
"10.68.121.197",2717
"10.68.122.239",112
"10.68.128.189",2706
"10.68.139.221",413
"10.68.156.212",109
"10.68.1.57",248
"10.68.162.190",181
"10.68.16.3",234
"10.68.16.35",2298
"10.6.81.65",1725
"10.68.166.97",1116
"10.68.168.127",107
"10.68.185.136",708
"10.68.211.146",171
"10.6.82.162",223
"10.68.22.208",164
"10.68.228.207",696
"10.68.23.130",117
"10.68.240.223",142
"10.68.40.30",101
"10.68.58.90",101
"10.68.6.31",106
"10.68.63.34",358
"10.68.6.53",186
"10.68.74.43",103
"10.68.94.43",318
"10.69.12.137",111
"10.69.123.98",129
"10.69.124.239",179
"10.69.148.119",105
"10.69.165.98",117
"10.69.176.49",140
"10.69.186.12",155
"10.69.203.131",453
"10.69.239.166",221
"10.69.35.41",119
"10.69.57.40",186
"10.69.66.174",220
"10.69.90.98",278
"10.69.99.179",265
"10.70.100.199",150
"10.70.126.93",168
"10.70.130.128",415
"10.70.133.23",133
"10.70.140.77",289
"10.70.146.5",156
"10.70.16.133",149
"10.70.163.143",148
"10.70.170.181",158
"10.70.185.103",262
"10.70.187.12",226
"10.70.189.143",354
"10.70.212.67",147
"10.70.226.36",136
"10.70.226.83",107
"10.70.242.105",174
"10.70.31.231",120
"10.70.43.216",320
"10.70.75.193",223
"10.70.76.144",113
"10.70.80.106",152
"10.7.111.219",154
"10.71.113.150",357
"10.71.114.56",317
"10.71.11.54",409
"10.71.118.178",115
"10.71.120.35",954
"10.71.134.165",488
"10.71.137.100",239
"10.71.140.163",226
"10.71.160.65",110
"10.71.167.222",154
"10.71.175.53",196
"10.71.189.150",760
"10.71.190.119",648
"10.7.119.59",141
"10.71.200.192",263
"10.7.121.113",117
"10.71.229.196",102
"10.71.238.131",124
"10.71.239.66",216
"10.71.241.195",109
"10.7.128.158",104
"10.7.129.8",346
"10.71.29.97",112
"10.71.37.108",117
"10.7.141.107",1127
"10.7.152.168",101
"10.7.165.112",208
"10.7.168.185",163
"10.7.172.138",112
"10.71.81.72",165
"10.7.189.2",1079
"10.71.90.16",149
"10.7.191.146",110
"10.7.193.15",192
"10.72.114.139",731
"10.72.116.72",161
"10.72.131.203",722
"10.72.150.165",989
"10.72.154.79",106
"10.72.158.123",244
"10.72.161.90",110
"10.72.173.177",1174
"10.72.179.113",835
"10.72.183.186",157
"10.72.205.208",827
"10.72.213.2",124
"10.72.229.11",413
"10.72.25.63",188
"10.72.30.13",145
"10.72.55.219",144
"10.72.78.92",140
"10.72.88.48",1021
"10.72.93.151",107
"10.72.95.103",428
"10.73.134.9",3304
"10.73.150.43",160
"10.73.186.194",573
"10.73.188.179",1175
"10.73.220.145",649
"10.73.22.42",128
"10.73.224.77",173
"10.73.235.142",225
"10.73.238.200",1162
"10.73.3.168",1430
"10.73.42.100",126
"10.73.52.24",137
"10.73.68.117",595
"10.73.70.220",440
"10.73.77.231",117
"10.73.88.30",336
"10.74.109.187",114
"10.74.109.249",125
"10.74.126.131",122
"10.74.127.22",243
"10.74.143.25",227
"10.74.150.58",3157
"10.74.174.47",317
"10.74.180.69",263
"10.74.216.80",230
"10.74.237.19",190
"10.74.245.223",817
"10.74.43.177",169
"10.74.44.198",106
"10.74.61.182",109
"10.74.63.234",174
"10.74.89.8",555
"10.74.95.126",127
"10.74.96.155",110
"10.75.116.199",1272
"10.75.121.194",300
"10.75.158.126",127
"10.75.160.195",103
"10.75.166.131",134
"10.75.173.125",358
"10.75.179.151",148
"10.75.217.10",324
"10.75.245.210",449
"10.75.61.48",338
"10.75.64.26",162
"10.75.7.40",129
"10.76.103.54",1712
"10.76.105.205",1046
"10.76.117.250",132
"10.76.148.1",107
"10.76.152.53",115
"10.76.152.8",158
"10.76.153.132",454
"10.76.155.51",273
"10.76.177.13",626
"10.76.18.159",139
"10.76.186.14",209
"10.76.27.84",266
"10.76.72.12",148
"10.76.99.21",155
"10.77.103.238",129
"10.77.120.191",152
"10.77.127.150",136
"10.77.131.199",338
"10.77.148.28",194
"10.77.14.90",148
"10.77.157.79",1527
"10.77.164.53",1330
"10.77.194.194",123
"10.77.200.60",147
"10.77.221.208",764
"10.77.227.114",2131
"10.77.233.14",138
"10.77.244.151",125
"10.77.25.45",111
"10.77.27.104",600
"10.77.29.231",138
"10.77.31.233",537
"10.77.53.135",108
"10.7.78.120",164
"10.77.81.97",228
"10.7.78.23",527
"10.77.83.200",233
"10.77.92.46",316
"10.77.95.51",208
"10.78.101.223",156
"10.78.188.118",286
"10.78.20.136",231
"10.78.204.190",128
"10.78.236.175",209
"10.78.250.161",136
"10.78.25.45",141
"10.78.47.26",137
"10.78.48.73",266
"10.78.62.66",156
"10.78.63.169",226
"10.78.65.249",451
"10.78.71.69",143
"10.78.78.125",125
"10.78.78.181",246
"10.79.127.247",105
"10.79.129.34",103
"10.79.166.14",187
"10.79.174.89",577
"10.79.184.165",148
"10.79.187.65",195
"10.79.190.171",130
"10.79.202.137",1864
"10.79.202.160",495
"10.79.208.43",493
"10.79.211.60",531
"10.79.220.92",1335
"10.79.223.19",682
"10.79.230.164",255
"10.79.239.52",774
"10.79.25.144",160
"10.79.33.137",116
"10.79.53.172",101
"10.79.71.93",128
"10.79.73.205",296
"10.79.85.184",369
"10.7.98.92",112
"10.79.90.49",139
"10.80.112.83",425
"10.80.1.135",129
"10.80.117.31",352
"10.80.133.102",1238
"10.80.135.35",554
"10.80.14.29",360
"10.80.148.180",942
"10.80.148.52",127
"10.80.149.181",237
"10.80.155.212",119
"10.80.164.132",551
"10.80.22.160",305
"10.80.239.55",111
"10.80.243.77",252
"10.80.246.242",245
"10.80.59.144",121
"10.80.77.152",127
"10.80.80.91",499
"10.80.86.110",225
"10.8.102.80",184
"10.81.11.232",489
"10.81.117.16",137
"10.81.216.229",247
"10.81.239.131",199
"10.8.126.205",106
"10.81.35.129",124
"10.8.140.135",320
"10.81.42.11",179
"10.8.153.248",127
"10.81.55.234",4877
"10.8.15.89",127
"10.81.59.128",201
"10.8.176.245",134
"10.81.77.176",106
"10.81.98.139",607
"10.8.20.133",939
"10.8.207.181",505
"10.82.10.208",156
"10.82.102.131",382
"10.82.118.10",146
"10.82.119.106",273
"10.82.133.153",141
"10.82.169.192",136
"10.82.169.7",253
"10.82.182.103",111
"10.82.187.117",139
"10.82.188.31",105
"10.82.19.94",239
"10.82.206.14",498
"10.82.212.172",170
"10.82.233.109",500
"10.82.250.219",617
"10.82.30.199",251
"10.82.3.159",169
"10.8.236.41",258
"10.82.41.240",110
"10.82.47.224",198
"10.82.50.86",2012
"10.82.64.235",2570
"10.82.7.132",434
"10.82.71.92",103
"10.82.84.177",186
"10.82.88.53",1659
"10.82.96.237",941
"10.83.120.52",108
"10.83.137.228",110
"10.83.147.147",204
"10.83.163.44",113
"10.83.182.198",219
"10.83.18.221",124
"10.83.184.118",115
"10.83.184.65",134
"10.83.19.244",235
"10.83.227.88",208
"10.83.25.8",191
"10.83.31.247",477
"10.83.45.219",101
"10.83.74.233",240
"10.83.75.125",144
"10.83.75.80",205
"10.84.11.104",271
"10.84.125.33",129
"10.84.131.100",461
"10.84.131.181",144
"10.84.134.2",192
"10.84.170.160",2694
"10.84.174.1",456
"10.84.180.219",110
"10.84.188.190",435
"10.84.192.206",220
"10.84.221.87",1390
"10.84.225.208",131
"10.84.227.56",231
"10.84.245.101",1574
"10.84.3.110",7277
"10.84.35.13",202
"10.84.61.140",171
"10.84.65.207",773
"10.84.68.51",122
"10.84.91.10",214
"10.85.104.111",418
"10.85.105.239",102
"10.85.108.192",4339
"10.8.51.207",325
"10.85.12.153",128
"10.85.127.57",126
"10.85.174.87",5524
"10.85.198.203",144
"10.85.239.172",184
"10.85.29.53",137
"10.85.32.85",506
"10.85.34.41",230
"10.85.35.106",304
"10.85.61.230",154
"10.85.67.69",674
"10.85.79.35",107
"10.85.83.50",102
"10.85.83.70",277
"10.86.110.164",195
"10.86.119.189",159
"10.86.147.114",113
"10.86.191.79",129
"10.86.194.119",2059
"10.86.202.190",449
"10.86.208.235",109
"10.86.213.114",144
"10.86.219.59",283
"10.86.220.163",243
"10.86.231.239",127
"10.86.24.213",105
"10.86.248.100",131
"10.86.250.30",454
"10.86.40.11",146
"10.86.45.129",344
"10.86.53.82",119
"10.87.124.16",135
"10.87.137.49",154
"10.87.14.174",126
"10.87.154.206",103
"10.87.184.1",122
"10.87.18.62",105
"10.8.7.193",211
"10.87.197.145",303
"10.87.209.46",116
"10.87.233.85",143
"10.87.242.141",117
"10.8.75.190",1292
"10.8.75.5",132
"10.87.66.233",145
"10.87.82.150",2616
"10.87.9.205",126
"10.88.101.172",2337
"10.88.123.142",185
"10.88.14.49",197
"10.88.155.199",106
"10.88.164.137",109
"10.88.164.201",307
"10.88.204.187",135
"10.88.234.77",144
"10.88.37.183",388
"10.88.51.97",340
"10.88.54.144",104
"10.8.86.27",2517
"10.88.68.91",276
"10.88.69.242",192
"10.88.71.10",226
"10.88.79.181",123
"10.88.81.39",101
"10.88.9.236",367
"10.88.98.160",143
"10.89.108.233",409
"10.89.112.65",2088
"10.89.131.244",257
"10.89.17.9",104
"10.89.197.121",470
"10.89.211.91",121
"10.89.223.120",770
"10.89.24.94",184
"10.89.45.37",1224
"10.89.60.131",108
"10.89.82.239",255
"10.89.97.85",420
"10.90.112.232",191
"10.90.138.244",218
"10.90.149.40",379
"10.90.160.99",112
"10.90.166.194",733
"10.90.167.126",137
"10.90.168.206",175
"10.90.169.164",170
"10.90.170.144",208
"10.90.175.162",183
"10.90.214.115",167
"10.90.220.33",172
"10.90.231.126",119
"10.90.244.201",102
"10.90.52.121",215
"10.90.52.58",113
"10.90.54.180",196
"10.90.75.201",175
"10.90.77.7",292
"10.90.93.153",309
"10.90.94.137",259
"10.91.104.127",103
"10.91.116.202",209
"10.91.117.95",123
"10.91.131.2",542
"10.91.180.155",125
"10.9.118.11",262
"10.91.195.155",125
"10.91.218.187",159
"10.91.220.174",6013
"10.91.223.236",156
"10.91.239.187",308
"10.91.24.177",128
"10.91.53.31",1208
"10.91.62.69",199
"10.91.63.180",140
"10.9.171.235",479
"10.9.174.233",216
"10.91.75.66",126
"10.91.80.43",195
"10.91.81.17",203
"10.9.189.157",164
"10.91.89.63",103
"10.9.192.234",466
"10.91.98.227",103
"10.9.199.240",213
"10.92.116.46",110
"10.9.212.91",162
"10.92.133.122",203
"10.92.190.40",109
"10.92.210.58",167
"10.92.214.171",119
"10.92.217.57",158
"10.92.220.37",991
"10.92.246.191",5668
"10.92.24.99",151
"10.9.236.38",466
"10.92.51.119",825
"10.92.52.167",144
"10.9.25.60",122
"10.9.26.159",249
"10.92.79.98",129
"10.92.84.133",139
"10.9.29.184",139
"10.93.105.247",112
"10.93.161.3",160
"10.93.165.193",276
"10.93.17.44",145
"10.93.178.46",392
"10.93.183.85",153
"10.93.186.33",1264
"10.93.190.166",514
"10.93.196.211",1481
"10.93.198.36",174
"10.93.207.125",121
"10.93.214.46",231
"10.93.215.96",153
"10.93.218.65",141
"10.93.239.152",384
"10.93.26.200",207
"10.93.29.239",1055
"10.93.30.246",197
"10.93.3.106",177
"10.93.39.218",395
"10.93.43.202",159
"10.93.5.234",931
"10.93.60.44",128
"10.9.36.183",176
"10.94.11.207",663
"10.94.125.178",120
"10.94.156.34",154
"10.94.182.87",120
"10.94.211.15",203
"10.94.215.53",309
"10.94.226.44",110
"10.94.7.90",137
"10.94.85.24",108
"10.94.91.21",119
"10.94.91.77",155
"10.95.102.192",219
"10.95.135.156",105
"10.95.139.201",103
"10.95.169.171",1202
"10.95.189.52",1292
"10.95.203.231",226
"10.95.217.198",377
"10.95.232.88",2373
"10.95.23.30",116
"10.95.234.227",104
"10.95.24.181",331
"10.95.48.245",142
"10.95.52.101",588
"10.9.55.72",104
"10.95.7.119",184
"10.95.82.185",515
"10.96.106.189",194
"10.96.111.126",114
"10.96.122.152",315
"10.96.134.208",326
"10.96.149.141",125
"10.96.151.249",174
"10.96.170.215",218
"10.96.173.111",19667
"10.96.177.37",138
"10.96.189.35",154
"10.96.205.33",270
"10.96.223.220",284
"10.96.238.79",125
"10.96.243.168",469
"10.96.27.156",102
"10.9.63.135",1674
"10.96.54.85",2435
"10.96.58.32",288
"10.96.59.51",185
"10.96.63.154",234
"10.9.67.50",2599
"10.97.117.145",1886
"10.97.118.154",217
"10.97.120.129",180
"10.97.121.98",2329
"10.97.128.92",205
"10.97.146.224",200
"10.97.159.148",248
"10.97.185.163",392
"10.97.188.77",136
"10.97.219.134",1705
"10.97.228.141",126
"10.97.228.235",103
"10.97.230.25",265
"10.97.23.170",118
"10.97.37.236",3552
"10.9.74.132",127
"10.97.6.179",1997
"10.97.69.190",227
"10.9.78.17",1158
"10.9.81.169",134
"10.98.139.233",884
"10.98.160.164",126
"10.98.171.216",212
"10.98.19.55",313
"10.98.211.236",423
"10.98.241.36",123
"10.99.102.172",309
"10.99.110.165",199
"10.9.91.203",784
"10.99.138.131",134
"10.99.178.114",105
"10.99.33.217",106
"10.99.34.14",117
"10.99.36.118",137
"10.99.38.39",378
"10.99.39.36",427
"10.99.42.162",154
"10.99.53.51",181
"10.99.62.48",143
"10.99.78.104",526
"10.9.98.218",550
"10.99.88.197",365
